id;price;msrp_price;original_price;good_offer;seller_rating;seller_count_rating;car_rate;consumers_review;mileage;n_photos
764468313.html;23665;23665;;;4.6;122;4.3;129 reviews;10;15
767179379.html;28994;;;Good Deal;4.8;1086;4.8;36 reviews;37,224;41
755158647.html;31000;34515;;;4.9;226;5;12 reviews;5;32
753572999.html;19471;20230;;;5;169;4.4;45 reviews;10;18
765408319.html;22995;;23995;Good Deal;4.8;1086;4.8;54 reviews;51,225;43
757108951.html;28419;29980;;;4.9;287;4.7;25 reviews;1;9
763433458.html;22574;24120;;;4.8;236;4.9;55 reviews;14;18
767048297.html;33000;;33800;Great Deal;4.6;289;4.7;97 reviews;50,180;29
766994144.html;17300;;;Good Deal;4.6;263;4.8;550 reviews;75,639;35
764520647.html;35285;;;Good Deal;4.5;63;4.6;81 reviews;89,029;32
733851583.html;29780;;;;4.6;409;4.8;43 reviews;13;11
745113298.html;20084;26290;;;5;303;4.7;42 reviews;5;14
757482515.html;43202;48310;;;3.8;53;4.9;215 reviews;3;20
761296131.html;54624;58065;;;4.9;53;4.5;23 reviews;10;23
766654121.html;23995;;;Good Deal;4.8;1086;4.6;11 reviews;45,257;44
759864564.html;25688;;;Good Deal;4.9;701;4.8;136 reviews;56,126;30
765716761.html;35999;43465;36599;;5;25;4.3;30 reviews;4;15
765291434.html;61992;;;Good Deal;4.7;308;4.6;5 reviews;35,833;52
766175029.html;21990;;;Good Deal;4.8;424;4.9;57 reviews;61,773;31
761349266.html;28995;;31058;Great Deal;-1;-1;4.9;193 reviews;21,597;26
766206120.html;28997;30133;;;5;6;4.5;62 reviews;1;7
766997449.html;20517;;;Good Deal;4.5;761;4.8;5 reviews;5,578;38
763723146.html;27668;27668;;;2.5;10;4.5;62 reviews;10;6
766765382.html;17990;;;Good Deal;5;17;4.9;140 reviews;16,394;27
758527210.html;45595;59250;;;4.4;26;4.8;15 reviews;28;22
750902080.html;35385;41385;;;5;303;5;2 reviews;146;13
766086909.html;19997;;;Great Deal;4.8;68;4;11 reviews;40,291;32
765860240.html;20597;;;Good Deal;-1;-1;4.8;267 reviews;35,892;32
762369564.html;41700;;;Great Deal;4.6;289;4.7;66 reviews;8,388;29
761220293.html;15640;;;Good Deal;4.7;359;4.9;468 reviews;35,956;46
752052990.html;24989;;;Great Deal;5;68;4.6;37 reviews;27,602;22
763439094.html;21170;;;;4.6;409;4.9;55 reviews;6;17
741029918.html;40999;51950;;;5;25;4.7;261 reviews;4;15
757456399.html;74197;81535;;;5;303;5;3 reviews;5;18
753027873.html;35790;38470;;;4.6;262;4.8;39 reviews;16;15
737429606.html;93997;;;Good Deal;4.8;68;5;1 reviews;18,996;32
766797874.html;33336;39685;;;5;303;4.7;26 reviews;8;18
766648263.html;53211;55210;;;4.5;63;4;1 reviews;51;32
750349651.html;36133;38354;;;5;6;4.6;63 reviews;;23
766521757.html;23887;;;Good Deal;4.8;1125;4.9;84 reviews;14,603;40
759100147.html;30980;;;Good Deal;4.8;39;4.8;211 reviews;7,958;27
745557419.html;50010;;;;4.6;409;4.7;82 reviews;35;12
752611490.html;25709;28825;;;5;68;4.8;82 reviews;3;11
763850665.html;71030;71030;;;4.9;482;4.7;23 reviews;2;19
764566539.html;55400;55400;;;4.7;24;4.3;30 reviews;;20
767323081.html;44995;;;Great Deal;4.8;1086;4.8;70 reviews;38,956;41
766428111.html;15891;;;Great Deal;4.9;115;4.8;79 reviews;53,164;40
748634134.html;52160;52160;;;4.9;475;4.3;30 reviews;27;14
761087192.html;17724;18380;;;5;19;4.8;15 reviews;5;32
766120405.html;23384;27990;;;4.7;176;4.9;50 reviews;11;21
763595667.html;24000;;;Good Deal;5;303;4.7;202 reviews;54,871;32
763048200.html;19674;19880;;;4.8;237;4.4;21 reviews;7;21
731372753.html;38185;46655;;;5;23;4.6;21 reviews;10;15
766367917.html;52600;;54600;Good Deal;4.6;289;4.7;14 reviews;1,331;29
765128259.html;16588;;;Good Deal;4.6;262;4.8;564 reviews;24,010;38
766084211.html;19495;;19995;Great Deal;4.8;1086;4.7;298 reviews;32,897;40
765009138.html;25992;;;Good Deal;4.9;162;4.9;464 reviews;20,761;32
759748682.html;27075;27075;;;5;932;5;32 reviews;11;11
750318759.html;36516;41256;;;4.7;417;4.7;44 reviews;3;32
757477982.html;27187;32365;;;4.7;114;4.6;164 reviews;2;11
754843935.html;28892;29740;;;5;169;4.6;5 reviews;11;20
765339602.html;37315;41886;;;4.7;417;4.4;87 reviews;3;32
766555456.html;19887;;;Good Deal;4.9;475;4.7;100 reviews;22,574;21
763276074.html;39675;;;Good Deal;4.8;39;4.8;61 reviews;44,050;32
763658196.html;27135;27990;;;5;18;4.9;37 reviews;6;27
759325123.html;26119;30560;;;5;19;4.6;22 reviews;3;32
766540166.html;22981;;;Good Deal;4.8;1057;4.8;54 reviews;32,981;43
741595493.html;23310;28310;;;4.8;1125;4.9;316 reviews;;32
751237490.html;29440;;;Good Deal;4.7;359;4.2;13 reviews;37,352;56
753976098.html;49180;49180;;;4.9;475;4.3;30 reviews;3;15
766427504.html;21995;;;Great Deal;4.8;1086;4.8;41 reviews;36,354;42
763066667.html;28204;29745;;;4.3;67;4.7;25 reviews;5;31
760166517.html;28242;32275;;;4.6;262;4.8;20 reviews;10;15
767333463.html;19477;;;Good Deal;4.7;359;4.6;164 reviews;19,397;49
764023146.html;32588;;;Good Deal;4.6;262;4.6;217 reviews;77,220;40
748365615.html;18901;;;Great Deal;4.1;104;4.8;121 reviews;93,226;32
748957059.html;35711;38075;;;4.6;262;4.8;135 reviews;145;14
757055516.html;28067;29585;;;4.3;67;4.7;25 reviews;5;26
750161871.html;84270;84270;;;4.9;599;5;5 reviews;11;32
767368052.html;19990;;;Great Deal;4.5;761;4.4;24 reviews;37,323;39
764704009.html;43865;;;;4.6;409;4.7;82 reviews;4;19
748564272.html;31020;40080;31993;;-1;-1;4.6;41 reviews;5;28
765695263.html;27494;;;Good Deal;4.8;1086;4.8;49 reviews;19,187;41
749612040.html;35999;44030;36599;;5;25;4.6;35 reviews;4;25
763464538.html;33222;34870;;;5;169;4.6;22 reviews;;21
766651511.html;59491;;;Good Deal;4.8;49;4.8;40 reviews;26,551;20
765658063.html;42910;45635;;;5;6;4.6;63 reviews;1;23
757238415.html;51850;;;;4.9;589;4.8;20 reviews;20;19
754654523.html;18801;;;Good Deal;4.8;416;4.8;218 reviews;22,138;25
762538358.html;20970;;;Good Deal;5;99;4.5;35 reviews;59,848;32
761447825.html;18495;;18995;Good Deal;4.8;1086;4.8;145 reviews;46,098;44
755118074.html;25944;;;Good Deal;4.8;416;4.6;217 reviews;44,701;27
755306206.html;59259;65445;;;4.1;104;4.9;10 reviews;6;21
760403921.html;10950;;;Good Deal;5;22;4.3;19 reviews;58,374;30
764829324.html;19195;;;Good Deal;4.8;1086;4.7;80 reviews;41,151;38
744816207.html;52113;62460;;;5;99;4.6;18 reviews;2;32
766758088.html;25995;;;Good Deal;4.8;1086;4.8;145 reviews;26,861;39
757418297.html;58331;65085;;;-1;-1;5;1 reviews;3;24
762203772.html;20808;;;Good Deal;4.8;416;4.9;84 reviews;37,367;30
765918626.html;27981;;;Great Deal;4.7;308;4.7;55 reviews;15,681;49
766339528.html;17880;;;Good Deal;4.9;701;4.5;30 reviews;58,923;28
762244380.html;19681;23430;;;4.7;114;5;13 reviews;2;17
749693617.html;18990;;;Good Deal;4.9;1370;4.8;85 reviews;22,106;39
759260005.html;39525;42775;;;4.8;1125;4.8;21 reviews;;32
766521679.html;22948;;;Good Deal;4.8;1125;4.9;84 reviews;15,806;44
753932342.html;43050;49630;;;5;251;4.8;25 reviews;2;32
760650632.html;21988;;22988;Fair Price;5;251;4.7;89 reviews;62,357;43
767183345.html;29997;;;Good Deal;4.8;68;4.5;95 reviews;69,470;32
764117859.html;27988;;;Good Deal;4.6;262;4.9;459 reviews;1,818;41
753979822.html;24888;;;Good Deal;4.6;262;4.7;138 reviews;33,704;40
766367545.html;25900;;;Great Deal;4.6;289;5;2 reviews;15,057;29
766784072.html;76575;76575;;;4.9;599;5;6 reviews;13;32
756336534.html;20174;23495;;;5;68;4.7;34 reviews;3;10
759616369.html;40963;45915;;;5;23;5;6 reviews;9;15
765794630.html;25695;;;Good Deal;4.8;1086;4.9;57 reviews;24,617;45
757608858.html;41940;;;Great Deal;4.7;359;4.4;35 reviews;50,900;60
744846377.html;38473;;;;4.8;220;4.7;34 reviews;10;20
766806450.html;26800;;;Good Deal;5;25;4.8;27 reviews;19,460;25
758214683.html;19495;;19995;Great Deal;4.8;1086;4.7;23 reviews;39,907;44
762608884.html;24995;;;Good Deal;4.8;1086;5;2 reviews;16,939;43
763206309.html;61912;;;;4.8;1057;5;1 reviews;6;32
756119782.html;43800;;;Great Deal;5;25;4.4;36 reviews;43,280;25
754796927.html;22190;27190;;;4.9;482;4.8;4 reviews;7;20
740227022.html;34935;47935;;;5;303;4.7;72 reviews;5;16
757482636.html;32096;36660;;;3.8;53;4.9;215 reviews;3;20
747374538.html;33079;36945;;;5;68;4.8;82 reviews;3;13
767178019.html;23995;;;Great Deal;4.8;1086;4.7;206 reviews;21,006;35
755669458.html;46522;50280;;;4.7;114;4.3;30 reviews;2;16
750553019.html;38824;40955;;;4;307;4.6;41 reviews;10;20
763361943.html;28740;;;Great Deal;4.7;359;4.8;248 reviews;22,003;53
766617385.html;15097;;;Great Deal;-1;-1;4.8;355 reviews;23,938;26
757447327.html;25812;29125;;;5;19;4.6;42 reviews;1;32
765532215.html;12970;;;Great Deal;4.8;424;4.9;227 reviews;14,743;26
758214866.html;18995;;;Great Deal;4.8;1086;4.8;81 reviews;34,842;42
750463188.html;45829;49425;;;2.5;15;5;19 reviews;10;7
758214200.html;30995;;31995;Good Deal;4.8;1086;4.8;9 reviews;41,245;45
765157363.html;28995;;;Good Deal;4.8;1086;4.8;395 reviews;29,512;37
745260752.html;18975;22085;;;5;19;5;33 reviews;4;32
753572850.html;26006;27210;;;5;169;4.6;22 reviews;6;20
764867580.html;14883;;;Great Deal;5;99;4.3;206 reviews;34,111;28
741773994.html;18760;20510;;;4.6;262;4.6;29 reviews;23;14
760965459.html;14795;;;Great Deal;4.9;287;4.6;93 reviews;80,571;24
746713830.html;28125;32625;;;4.8;1125;4.9;316 reviews;;32
760232179.html;16160;17160;;;4.5;761;4.4;18 reviews;;32
760055659.html;45117;;;;4.2;45;;;7;32
755673691.html;13637;;;Good Deal;4.8;416;4.6;39 reviews;31,748;25
764633464.html;41995;;42495;Good Deal;4.8;1086;4.8;14 reviews;45,785;48
765905927.html;14990;;;Good Deal;5;17;4.6;108 reviews;111,522;27
755214281.html;22154;23495;;;5;68;4.7;42 reviews;3;11
761328940.html;25495;;;Great Deal;4.8;1086;4.2;12 reviews;37,698;40
766800025.html;41981;;;Great Deal;4.7;308;5;13 reviews;12,049;47
757571232.html;44285;44285;;;4.9;475;4.8;15 reviews;33;16
764163539.html;25395;;;;4.6;409;4.4;69 reviews;5;16
763471121.html;40755;40755;;;5;932;4.6;67 reviews;11;18
758214109.html;39495;;;Good Deal;4.8;1086;4.7;55 reviews;131;46
741833085.html;28043;33385;;;4.7;114;4.6;164 reviews;2;14
766709108.html;39499;49730;;;5;25;4.3;30 reviews;5;24
751920086.html;47842;47842;;;3.5;159;4.4;87 reviews;;15
757437340.html;20535;23495;;;4.6;262;4.7;34 reviews;14;15
764099739.html;24277;;;Great Deal;4.7;359;4.9;589 reviews;23,903;47
760613354.html;49505;49505;;;4.7;308;5;6 reviews;12;32
765905928.html;11990;;;Good Deal;5;17;4.8;75 reviews;137,563;27
759424308.html;20357;24235;;;4.7;114;4.4;17 reviews;9;15
764857745.html;17697;;;Good Deal;4.9;53;4.4;20 reviews;49,995;21
762427132.html;11997;;12997;Good Deal;4.8;68;4.4;48 reviews;90,597;32
761493576.html;11989;;;Good Deal;4.6;122;4.6;160 reviews;22,042;32
761306124.html;58795;58795;;;4.7;308;5;3 reviews;4;32
765690382.html;24994;;25994;Good Deal;4.8;1086;4.6;13 reviews;24,240;37
755731949.html;67734;77735;70740;;5;25;5;3 reviews;;11
749419186.html;30734;37460;;;5;23;5;32 reviews;9;15
765720844.html;25000;;25500;Good Deal;4.8;236;4.8;49 reviews;46,069;25
751964762.html;24258;28125;;;4.9;212;4.9;50 reviews;5;32
759593992.html;20326;25100;;;5;251;4.9;37 reviews;3;32
765273237.html;48902;50470;;;4.9;482;4.5;42 reviews;1;22
752059152.html;40766;42625;;;4.9;53;4.7;42 reviews;8;25
758136574.html;51966;;;Fair Price;5;251;4.7;79 reviews;53,385;55
760926785.html;23940;;;Great Deal;4.7;359;4.7;71 reviews;24,842;54
765976120.html;17495;;17995;Great Deal;4.8;1086;4.5;217 reviews;41,391;42
759805190.html;27590;;;Good Deal;4.9;475;4.6;217 reviews;97,664;23
749673330.html;17494;;17994;Great Deal;4.8;1086;4.8;85 reviews;31,303;39
764099730.html;24977;;25477;Good Deal;4.7;359;4.8;45 reviews;22,567;53
767251357.html;16493;;;Good Deal;4.8;1125;4.2;99 reviews;72,135;40
758684793.html;37225;37225;;;5;932;4.7;82 reviews;11;13
749065466.html;33275;34025;;;4.5;761;4.6;35 reviews;;32
766155908.html;60130;;;;4.9;482;4.7;23 reviews;5;18
761039892.html;28990;;;Good Deal;4.9;1370;4.7;38 reviews;24,106;44
757871575.html;25675;26745;;;4.8;236;4.4;69 reviews;14;17
760937666.html;24316;28490;;;-1;-1;4.9;37 reviews;3;23
765445379.html;16777;;;Good Deal;4.7;359;4.9;449 reviews;31,580;53
755229794.html;7985;;;Good Deal;5;22;4.6;111 reviews;108,451;22
766634045.html;24990;;;Great Deal;4.9;1370;4.5;75 reviews;62,231;45
766350846.html;59019;;;Good Deal;4.9;682;4.5;35 reviews;25,529;38
764532769.html;21170;;;;4.6;409;4.9;55 reviews;10;16
751037366.html;24527;27680;;;4.1;104;4.6;164 reviews;5;24
765711016.html;21495;;22990;Good Deal;4.9;287;4.3;22 reviews;22,775;26
764099749.html;12640;;;Great Deal;4.7;359;4.9;15 reviews;152,887;43
749246740.html;31801;34665;;;5;169;5;32 reviews;;20
766491609.html;13194;;;Good Deal;4.9;212;4.8;262 reviews;25,400;39
766111771.html;15434;;;Good Deal;4.9;482;4.4;215 reviews;90,135;24
759583190.html;12975;;;Good Deal;4.8;416;4.4;55 reviews;72,386;27
766713053.html;20000;;20500;Good Deal;4.8;236;4.7;639 reviews;17,779;22
764566488.html;47100;47100;;;4.7;24;4.9;10 reviews;;20
761560559.html;24994;;25494;Good Deal;4.8;1086;4.8;49 reviews;58,125;46
766278287.html;39272;43810;;;4.6;262;5;1 reviews;8;14
765594125.html;66257;72535;;;5;303;4;1 reviews;18;17
765382202.html;53980;;;;-1;-1;4.8;20 reviews;1;
748564840.html;15089;15795;;;4.6;262;4.8;15 reviews;5;15
761182558.html;29110;;;;4.6;409;4.3;32 reviews;12;16
752313359.html;29181;30000;;;5;169;4.6;5 reviews;;20
766791529.html;43058;43058;;;2.5;10;4.4;87 reviews;10;6
767426684.html;15900;;;Good Deal;4.9;1370;4.6;203 reviews;142,658;38
764219461.html;24694;;;Good Deal;4.8;1086;4.9;24 reviews;31,173;40
765205407.html;24482;;;Great Deal;4.8;1057;4.8;44 reviews;45,864;44
753320092.html;36940;;;Good Deal;4.7;359;4.8;40 reviews;44,810;58
761935749.html;46999;55860;48999;;5;25;4.3;30 reviews;5;27
765878759.html;31500;;;Good Deal;4.9;538;4.9;42 reviews;40,449;20
765224460.html;59492;;;Good Deal;4.9;162;4.5;35 reviews;8,639;32
753279424.html;33479;35820;;;4.6;262;4.8;39 reviews;11;14
761375422.html;23188;;;Good Deal;5;15;4.5;161 reviews;52,266;32
757681736.html;19488;24390;;;4.6;262;4.7;171 reviews;12;15
749791638.html;40395;;;;4.5;39;4.2;25 reviews;14;11
758214540.html;22994;;;Great Deal;4.8;1086;4.8;168 reviews;13,197;41
761637302.html;18506;;;Good Deal;4.8;416;4.8;379 reviews;15,184;28
763413157.html;25239;;;Good Deal;4.8;416;4.7;116 reviews;117,269;31
767344490.html;20913;22492;;;4.9;538;;;;20
763984101.html;42453;45046;;;5;6;4.8;49 reviews;1;29
760671272.html;10900;;;Great Deal;4.9;538;4.8;53 reviews;39,549;20
764456533.html;24995;;;Great Deal;4.8;1086;4.8;32 reviews;39,470;46
766059625.html;44600;51540;;;5;62;4.3;30 reviews;1;14
764795044.html;22500;;;Great Deal;4.8;114;4.9;14 reviews;50,022;32
761061661.html;37978;;38509;Good Deal;4.9;225;4.7;142 reviews;36,122;41
766877485.html;19290;;20800;Good Deal;4.9;538;4.8;146 reviews;27,315;26
760814938.html;24922;25940;;;4.3;67;4.7;25 reviews;3;24
755110682.html;16029;19110;;;5;15;4.8;27 reviews;10;19
760857408.html;14982;18060;;;4.4;402;4.7;42 reviews;92;16
748847555.html;66430;66430;;;4.7;308;5;4 reviews;4;32
759816616.html;23078;24960;;;4.7;176;4.9;13 reviews;269;23
762980604.html;37995;;38495;Good Deal;4.8;1086;4.8;40 reviews;12,653;47
763674699.html;40325;40325;;;4.9;701;4.5;6 reviews;2;21
765283685.html;28925;28925;;;4.9;701;4.4;69 reviews;2;20
766784058.html;54435;54435;;;4.9;599;4.7;23 reviews;103;32
745680373.html;21354;27795;;;4.9;682;4.7;298 reviews;15;29
757815133.html;31444;;;Good Deal;4.9;49;4.6;217 reviews;73,366;45
766175659.html;34208;36010;;;5;169;4.6;22 reviews;5;22
759735473.html;46653;55900;;;4.6;101;4.7;93 reviews;;7
761907881.html;31994;;32494;Good Deal;4.8;1086;3.7;3 reviews;23,714;44
753911747.html;60873;;;;4.8;1057;4.8;20 reviews;3;32
766799962.html;16491;;;Good Deal;4.9;287;4.9;278 reviews;49,550;23
766053238.html;41677;;;Good Deal;-1;-1;3.8;18 reviews;78,735;27
751975810.html;26048;;;;4.8;220;4.8;19 reviews;6;20
766574890.html;55800;;57500;Good Deal;4.6;289;4.7;67 reviews;17,741;29
765009088.html;26790;29540;;;4.9;589;4.9;37 reviews;;16
753132064.html;40061;46660;;;5;303;4.8;15 reviews;5;15
766307585.html;37800;;;Good Deal;4;4;4.8;135 reviews;12,966;37
738650138.html;54295;68480;;;4.4;26;4.8;19 reviews;137;28
757061105.html;49990;;;Good Deal;4.9;1370;4.8;40 reviews;7,434;54
749670442.html;17082;17950;;;4.6;262;4.8;15 reviews;5;15
766572950.html;22800;;;Great Deal;4.6;289;4.9;27 reviews;13,647;29
746403204.html;32440;34555;;;4.1;104;4.6;40 reviews;6;23
762304425.html;26477;;;Good Deal;4.7;359;4.8;186 reviews;20,402;52
750181797.html;21995;;22495;Good Deal;4.8;1086;4.7;9 reviews;36,999;42
763766040.html;23990;;;Good Deal;4.8;357;4.9;703 reviews;42,811;20
757344672.html;48621;54840;;;4.6;262;4.8;17 reviews;31;18
758314672.html;55774;;;;4.8;1057;5;7 reviews;4;32
763521045.html;49925;;;Good Deal;4.9;475;4.5;35 reviews;59,996;27
765819686.html;23890;;;Good Deal;4.9;701;4.6;158 reviews;83,808;27
751546199.html;26528;30585;;;5;19;4.6;22 reviews;2;32
766521749.html;18594;;;Good Deal;4.8;1125;4.1;130 reviews;38,874;42
767260035.html;32400;;;Great Deal;4.6;289;4.9;58 reviews;10,868;29
761722777.html;29654;;;Good Deal;4.8;237;4.8;135 reviews;45,910;31
764478044.html;33751;36870;;;4.8;237;5;32 reviews;8;19
747487444.html;19456;19780;;;4.9;682;5;33 reviews;15;21
764669138.html;20195;;;Great Deal;4.8;1086;4.7;80 reviews;38,574;41
764309828.html;100230;;;;4.9;115;5;8 reviews;18;32
755732477.html;57925;58790;;;5;25;4.5;23 reviews;;9
759609851.html;24615;24615;;;4.9;701;5;32 reviews;2;19
749739779.html;18940;;;Good Deal;4.9;682;4.4;45 reviews;808;24
765801720.html;28603;;;Good Deal;4.5;761;4.8;113 reviews;35,999;39
754885146.html;33728;38890;;;4.7;176;;;7;22
765189990.html;22888;;;Great Deal;4.6;262;4.8;102 reviews;41,484;38
761052806.html;66071;72335;;;5;303;4;1 reviews;5;16
759805249.html;33878;;;Good Deal;4.9;475;4.8;22 reviews;5,640;21
765654944.html;25725;29225;;;4.9;482;5;1 reviews;14;17
765128657.html;29788;;;Good Deal;4.6;262;4.7;307 reviews;16,357;40
765752926.html;27760;;;Good Deal;4.9;482;4.5;41 reviews;40,415;29
763658240.html;30180;30935;;;5;18;4.9;37 reviews;7;29
744434142.html;50580;50580;;;5;169;4.8;22 reviews;8;20
751179049.html;31368;;;;4.8;220;4.7;34 reviews;10;20
753132065.html;58255;60255;;;5;303;4.5;23 reviews;7;21
764199651.html;23970;23970;;;5;932;4.9;55 reviews;11;12
758725811.html;27706;31140;;;5;19;4.6;5 reviews;7;32
752440106.html;33966;;34966;Good Deal;5;251;4.7;266 reviews;25,196;40
760219456.html;18743;21460;;;4.6;262;4.8;27 reviews;17;17
752732863.html;68170;73600;;;-1;-1;4.9;17 reviews;2;22
751036427.html;45400;52400;;;4.8;1125;4.8;181 reviews;;32
765682279.html;41148;43620;;;5;169;5;6 reviews;;21
766800002.html;19981;;;Good Deal;4.8;1057;4.5;12 reviews;110,765;48
765271915.html;58732;;;;4.8;1057;5;1 reviews;5;32
763327179.html;56969;;;;4.8;1057;4.8;20 reviews;4;32
766082615.html;20913;22492;;;4.9;538;;;;20
766169232.html;16981;;;Great Deal;4.7;308;4.5;45 reviews;83,977;50
766216596.html;11976;;;Good Deal;4.5;761;4.3;206 reviews;93,223;37
765878834.html;26700;;;Great Deal;4.9;538;4.8;220 reviews;6,807;22
766700736.html;10800;;;Good Deal;5;25;4.6;18 reviews;167,256;25
757735557.html;34764;38630;;;5;68;4.8;82 reviews;3;13
756870360.html;82805;82805;;;4.9;225;5;2 reviews;8;32
767228880.html;23044;24887;;;4.9;538;;;;22
766000156.html;20894;21905;;;5;169;5;33 reviews;5;20
762361531.html;42680;;;Good Deal;4.8;39;4.9;124 reviews;24,147;30
763718947.html;27100;;;;4.6;409;5;32 reviews;8;17
766003763.html;22871;;;Good Deal;4.8;1125;4.9;147 reviews;29,077;35
760476430.html;35988;;;Good Deal;5;251;4.6;47 reviews;15,441;41
749813113.html;134997;;;Great Deal;4.8;68;;;6,996;32
763748447.html;46480;53665;;;5;62;4.3;30 reviews;1;16
766481458.html;25526;29940;;;5;23;4.6;22 reviews;6;15
755732341.html;35839;42665;;;5;25;4.7;42 reviews;;10
763574911.html;28989;;29489;Good Deal;4.8;1086;4.5;75 reviews;34,139;46
747324653.html;20480;26230;;;4.8;1125;4.7;171 reviews;;32
757812993.html;44374;56945;;;4.5;63;4.8;20 reviews;3;32
766064398.html;36590;;;Good Deal;4.9;1370;4.9;464 reviews;29,866;44
764694639.html;21492;;;Good Deal;4.9;162;4.8;422 reviews;33,271;32
750934670.html;17797;18750;;;4.6;262;4.8;15 reviews;5;15
762101376.html;33925;35900;;;4.3;67;5;5 reviews;10;25
747390541.html;68410;68410;;;4.9;225;5;2 reviews;8;32
765980347.html;57293;;;;5;169;5;4 reviews;13;21
763082552.html;23342;27520;;;4.6;262;4.6;22 reviews;8;16
761867486.html;17455;19455;;;4.9;212;4.8;97 reviews;5;32
758214530.html;23195;;;Good Deal;4.8;1086;4.5;59 reviews;38,991;45
765621810.html;23994;;;Good Deal;4.8;1125;4.9;84 reviews;14,949;35
761432030.html;12992;;;Good Deal;4.9;482;4.7;90 reviews;32,349;23
766573063.html;38200;;;Good Deal;4.6;289;4.9;40 reviews;58,546;29
763206462.html;51488;;;;4.8;1057;4.2;37 reviews;4;32
764610343.html;16798;;;Good Deal;5;23;4.8;267 reviews;15,459;32
762288367.html;20495;;20995;Good Deal;4.8;1086;4.7;29 reviews;32,345;40
753950393.html;24715;26725;;;4.6;262;4.8;82 reviews;7;15
758874923.html;61181;67510;;;4.6;101;4.8;181 reviews;;11
755732275.html;29800;;;Good Deal;5;25;4.8;48 reviews;25,244;25
757279903.html;44357;55710;;;5;119;4.9;128 reviews;;11
762282866.html;19994;;20494;Great Deal;4.7;308;4.6;32 reviews;28,120;45
757360140.html;8406;;;Good Deal;4.8;416;4.6;136 reviews;109,136;29
761220297.html;25940;;;Good Deal;4.7;359;4.4;37 reviews;22,163;55
766662406.html;41392;45434;;;4.9;538;4.7;44 reviews;;21
766040980.html;68100;;;;-1;-1;5;1 reviews;;32
766319488.html;30430;;;Good Deal;4.9;482;4.7;196 reviews;16,846;25
764502251.html;18716;;;Good Deal;4.9;475;4.8;19 reviews;146,008;25
735385818.html;30369;30369;;;4.1;22;4.8;222 reviews;6;11
765078408.html;15495;;;Good Deal;4.8;1086;4.8;177 reviews;40,408;37
755719836.html;26173;;;;4.8;220;4.9;37 reviews;6;19
762878518.html;56590;61310;;;5;25;4.5;23 reviews;;9
764757313.html;38905;38905;;;4.5;63;4.7;34 reviews;5;32
756171428.html;24431;26755;;;2.5;33;4.8;82 reviews;13;22
765661321.html;59801;71650;71650;;5;99;5;7 reviews;17;32
766957837.html;12500;;;Good Deal;4.9;1370;4.6;203 reviews;163,789;32
762358138.html;11467;;;Good Deal;5;22;4.6;30 reviews;100,524;32
766572744.html;31500;;;Good Deal;4.6;289;4.9;589 reviews;8,309;29
755732413.html;47094;56025;;;5;25;4.9;128 reviews;;9
762129823.html;42495;;;Good Deal;4.9;225;4.8;14 reviews;38,252;47
766640823.html;41995;;;Good Deal;4.8;1086;4.7;138 reviews;3,854;44
764763791.html;97492;;;Good Deal;4.9;115;5;7 reviews;4,400;43
761808589.html;19513;19860;;;5;169;5;33 reviews;;20
745473757.html;40720;45220;;;4.8;1125;4.8;181 reviews;;32
757279775.html;32790;38335;;;5;119;4.8;6 reviews;;20
766319609.html;12860;;;Good Deal;4.9;482;4.7;90 reviews;26,496;21
752550339.html;31287;31955;;;4.9;482;5;1 reviews;1;19
761927516.html;24495;;24995;Great Deal;4.8;1086;4.8;32 reviews;43,527;45
759421417.html;47953;55360;48993;;4.6;262;4.8;34 reviews;5;12
756670806.html;61770;61770;;;4.9;475;4.6;18 reviews;6;17
759322646.html;22941;;;Great Deal;4.9;475;4.9;7 reviews;28,372;23
763660798.html;25495;;25995;Great Deal;4.8;1086;4.8;24 reviews;38,177;45
732073840.html;23390;23390;;;3.5;14;4.9;459 reviews;2;20
758725697.html;36067;43935;;;4.9;589;4.8;20 reviews;;19
757628405.html;52749;61320;;;4;4;5;5 reviews;5;32
761039891.html;35990;;;Good Deal;4.9;1370;4.7;245 reviews;24,870;51
760661098.html;26994;;;Great Deal;4.8;1086;4.8;36 reviews;39,515;44
765613018.html;32988;;;Good Deal;4.6;262;4.8;82 reviews;6,192;38
766209017.html;22790;;;Good Deal;5;99;4.8;559 reviews;24,089;32
762718184.html;27099;31175;28425;;4.9;589;4.9;37 reviews;;15
754090153.html;43926;;;Good Deal;5;22;4.5;10 reviews;54,839;31
764099737.html;24477;;;Great Deal;4.7;359;4.9;589 reviews;23,102;48
762078877.html;31630;31630;;;4.9;701;5;32 reviews;2;20
758145000.html;48180;50930;;;4.6;262;4.8;65 reviews;18;20
765798184.html;41995;;;Great Deal;4.8;1086;4.8;30 reviews;24,560;44
729876253.html;30125;32860;;;4.8;237;4.9;535 reviews;10;22
759324874.html;35305;39505;;;4.9;589;4.8;25 reviews;;18
753320093.html;17840;;;Good Deal;4.7;359;4.7;144 reviews;34,792;59
766138179.html;51750;62245;;;4.8;39;4.8;181 reviews;5;32
756626258.html;50081;57420;;;5;23;;;9;15
744543095.html;54389;65210;;;5;99;4.6;18 reviews;5;32
764640398.html;18561;;;Good Deal;-1;-1;4.8;120 reviews;59,985;25
757932436.html;34747;39470;;;-1;-1;;;26;24
765761318.html;38600;;;Good Deal;4.6;289;4.8;117 reviews;7,805;29
753393315.html;58780;70405;;;5;99;5;7 reviews;17;32
765546949.html;28703;30792;;;4.9;538;4.9;14 reviews;;20
754283952.html;39168;42655;;;4.8;236;4.7;82 reviews;14;19
758534280.html;16489;;;Good Deal;4.9;701;4.6;95 reviews;47,569;27
762304318.html;16740;;;Good Deal;4.7;359;4.9;127 reviews;38,661;47
752593198.html;49868;;;;5;169;4.8;22 reviews;347;22
753320476.html;17840;;;Great Deal;4.7;359;4.8;103 reviews;53,660;60
766694898.html;19999;;;Good Deal;4.9;287;4.7;232 reviews;35,107;25
764966457.html;16975;;;Great Deal;4.8;424;4.8;145 reviews;45,618;28
767259735.html;31200;;;Good Deal;4.6;289;4.9;120 reviews;11,385;29
763658275.html;37865;38720;;;5;18;;;9;26
757153968.html;21646;24930;;;4.9;212;4.9;70 reviews;5;32
759157040.html;29031;33145;;;4.6;262;4.7;34 reviews;16;5
757983156.html;65820;72330;;;4.7;114;5;7 reviews;2;19
756049718.html;48561;51858;;;5;6;4.6;31 reviews;;24
762567730.html;9999;;;Good Deal;4.6;122;4.4;130 reviews;44,464;32
745657593.html;15867;17170;;;5;15;4.5;8 reviews;5;21
744111787.html;19265;25265;;;4.8;1125;4.7;171 reviews;;32
758251430.html;37995;;;;4.6;409;4.8;70 reviews;13;17
759210917.html;25980;30390;;;5;19;4.6;22 reviews;1;32
761690541.html;22870;22870;;;5;932;4.9;55 reviews;11;11
761220298.html;19240;;;Good Deal;4.7;359;4.5;35 reviews;36,628;60
756093093.html;34980;;;Great Deal;4.5;64;4.8;16 reviews;40,490;23
761640170.html;22795;27630;;;4.6;263;4.9;37 reviews;3,024;32
759100852.html;27075;;;;4.6;409;5;32 reviews;10;19
763984405.html;18993;;;Great Deal;4.9;162;4.9;140 reviews;9,279;32
761534340.html;11529;;;Good Deal;4.6;122;4.6;160 reviews;69,698;32
765803587.html;19492;;;Good Deal;4.7;308;4.7;29 reviews;16,925;44
760007626.html;18991;;;Good Deal;5;23;4.5;217 reviews;38,739;32
767334145.html;52997;;;Good Deal;4.8;68;4.8;261 reviews;11,688;32
767432931.html;15995;;;Good Deal;4.8;1086;4.7;39 reviews;27,073;35
741151530.html;23765;25265;;;3.1;12;4.9;37 reviews;20;32
757816470.html;28387;30280;;;4.8;39;4.8;17 reviews;5;23
761337708.html;23995;;24995;Great Deal;4.8;1086;4.6;19 reviews;23,527;44
756828568.html;17893;19514;;;4.7;417;4.8;6 reviews;3;32
763351083.html;27995;;28495;Good Deal;4.8;1086;4.8;24 reviews;36,637;48
760358460.html;41066;46385;;;-1;-1;4.8;6 reviews;4;22
764714058.html;21817;;;Great Deal;-1;-1;4.8;41 reviews;40,755;20
766653910.html;28009;28810;;;5;169;4.6;5 reviews;14;19
760077940.html;26500;;27200;Good Deal;4.9;538;4.5;29 reviews;78,605;33
763681580.html;34070;41820;37070;;4.8;39;4.8;20 reviews;5;28
759767561.html;16875;;;Good Deal;5;22;4.7;195 reviews;51,049;29
765875393.html;32345;37345;;;4.8;1125;4.8;65 reviews;;32
739609650.html;30405;30405;;;3.7;61;4.9;589 reviews;1;20
766413009.html;19995;;;Good Deal;4.8;1086;4.7;80 reviews;36,149;38
767230660.html;25994;;;Good Deal;4.8;1086;4.8;32 reviews;48,526;45
767162652.html;11795;;;Great Deal;-1;-1;4.7;207 reviews;59,523;32
752861739.html;21888;25060;;;5;19;4.6;42 reviews;5;32
752609600.html;45985;51215;;;4.6;122;4.7;196 reviews;5;19
758233624.html;35611;38755;;;4.8;236;4.7;82 reviews;14;18
764202012.html;17740;;;Good Deal;4.7;359;4.5;116 reviews;22,487;50
765096265.html;78492;;;Good Deal;4.9;115;5;7 reviews;18,588;45
762040238.html;17386;;18276;Good Deal;5;15;4.7;195 reviews;36,242;32
760723544.html;27995;;28495;Great Deal;4.8;1086;4.8;89 reviews;36,543;42
765856148.html;95913;;;;4.2;45;5;1 reviews;;32
763878050.html;14795;;;Great Deal;4.9;287;4.7;229 reviews;56,402;24
767036053.html;27700;;;Great Deal;4.9;538;4.6;330 reviews;33,749;22
765660865.html;48484;58035;58035;;5;99;5;7 reviews;17;32
763639480.html;27888;;;Good Deal;4.6;262;4.9;147 reviews;9,345;30
763074680.html;22294;;22983;Great Deal;4.9;115;4.9;67 reviews;19,245;51
761693408.html;12640;;;Good Deal;4.7;359;4.8;63 reviews;45,929;48
761337569.html;32530;33530;;;4.8;1125;4.8;244 reviews;;32
766877570.html;18900;;;Good Deal;4.9;538;4.7;40 reviews;38,648;24
762483195.html;27440;;;Good Deal;4.7;359;4.6;158 reviews;34,617;57
754212513.html;43580;46560;;;4.9;287;5;12 reviews;11;9
743645637.html;61990;;;;-1;-1;4.7;14 reviews;1;
764117406.html;27488;;;Great Deal;4.8;1125;4.9;215 reviews;20,783;35
764228099.html;29993;;;Good Deal;4.8;69;4.7;3 reviews;3,708;51
758215002.html;14994;;;Good Deal;4.8;1086;4.7;7 reviews;32,827;38
766181211.html;26761;28449;;;4.7;417;4.6;63 reviews;1;29
766739842.html;14990;;;Good Deal;4.9;1370;4.6;273 reviews;69,807;36
766797868.html;42827;50985;47985;;5;303;4.5;42 reviews;5;17
750902084.html;29640;34390;;;5;303;4.5;42 reviews;5;16
751349586.html;28931;30535;;;4.9;682;4.6;22 reviews;15;28
763468914.html;41547;44811;;;4.8;357;4.4;87 reviews;;11
767259797.html;28000;;28700;Good Deal;4.6;289;4.5;75 reviews;41,711;29
756870330.html;45710;45710;;;4.9;225;4.8;4 reviews;8;32
744221941.html;27695;27695;;;4.9;701;4.9;459 reviews;2;22
757147053.html;26313;30120;;;2.8;8;4.6;42 reviews;6;13
758214583.html;22995;;23995;Good Deal;4.8;1086;4.8;74 reviews;33,459;37
764254511.html;9519;;;Good Deal;4.8;416;4.7;131 reviews;103,394;29
761750549.html;23719;28850;;;4;25;4.8;99 reviews;11;16
761040888.html;28909;29990;;;4.9;162;4.8;11 reviews;3;7
766407394.html;20980;;;Good Deal;4.9;701;4.8;204 reviews;47,448;31
765654934.html;64678;67550;;;4.9;482;4.5;23 reviews;1;19
750505640.html;22235;22235;;;4.7;24;4.4;17 reviews;;20
762117453.html;15694;;;Good Deal;4.8;1086;4.8;204 reviews;27,844;34
765487974.html;42310;42310;;;4.7;24;4.9;10 reviews;;20
755062530.html;30671;35430;;;5;23;4.6;22 reviews;9;15
763336802.html;44725;44725;;;4.9;701;4.5;6 reviews;2;21
752730648.html;32530;39590;;;4.9;589;5;128 reviews;;17
765875529.html;62610;65110;;;4.8;1125;4.8;181 reviews;;32
759919226.html;39873;;;Good Deal;5;22;4.9;54 reviews;45,615;32
760489295.html;28995;;29995;Great Deal;4.8;1086;4.8;39 reviews;14,970;43
764088261.html;34695;;;Good Deal;4.8;1086;4.1;74 reviews;28,421;43
751134189.html;39730;45555;;;2.8;8;4.4;5 reviews;6;14
757061188.html;24465;25965;;;3.1;12;4.7;30 reviews;10;27
765570629.html;21840;;;Good Deal;4.7;359;4.8;93 reviews;27,045;53
765224412.html;31992;;34491;Good Deal;4.9;162;4.9;76 reviews;59,052;32
752691927.html;16995;;;Good Deal;5;23;5;13 reviews;31,452;32
765408582.html;22645;23300;;;5;169;4.8;4 reviews;;19
760498050.html;15195;;;Good Deal;4.8;1086;4.7;207 reviews;17,406;41
755536742.html;62913;69135;;;5;303;5;3 reviews;7;18
760701779.html;29489;;;Great Deal;4.8;1086;3.7;3 reviews;17,738;44
761342720.html;25345;25345;;;5;932;4.4;69 reviews;11;13
747061694.html;12940;;;Good Deal;4.7;359;4.8;45 reviews;72,855;53
765128261.html;26888;;;Good Deal;4.6;262;4.8;261 reviews;51,101;37
767474421.html;51495;51495;;;4.7;308;4.2;42 reviews;12;32
751742784.html;41296;44980;;;4.6;262;4.8;135 reviews;10;14
764741602.html;20113;21647;;;4.9;538;4.8;102 reviews;10;21
762288626.html;41488;;;;4.8;220;4.8;20 reviews;6;19
760668030.html;26780;30280;;;4.8;1125;4.8;17 reviews;;32
759424306.html;20357;24235;;;4.7;114;4.4;17 reviews;2;12
767329895.html;32995;;;Great Deal;4.8;1086;4.9;18 reviews;29,975;43
750437713.html;34295;34295;;;5;932;4.7;82 reviews;178;11
759100148.html;22480;;;Good Deal;4.8;39;4.7;171 reviews;19,846;29
756829348.html;20715;25465;;;4.8;1125;4.7;203 reviews;;32
759070859.html;61799;70455;;;4;4;4.9;17 reviews;5;30
763024365.html;22145;24645;;;4.9;212;4.9;50 reviews;25;32
767253349.html;22888;;;Good Deal;4.6;262;4.9;165 reviews;32,861;38
752177882.html;26281;28160;;;5;6;4.7;80 reviews;;21
750858567.html;60045;60045;;;4.9;475;4.6;18 reviews;1;17
765803589.html;39992;;40981;Good Deal;4.7;308;4.7;55 reviews;24,560;39
765002996.html;29592;;;Good Deal;4.7;308;4.7;37 reviews;47,502;45
764956760.html;24557;25992;;;4.8;357;4.7;80 reviews;;7
751950087.html;18905;21910;;;4.4;402;5;33 reviews;6;17
765655989.html;24291;28985;;;5;251;4.9;37 reviews;6;32
752860908.html;35599;48575;;;5;25;4.7;261 reviews;300;26
756148066.html;54140;;;;-1;-1;5;5 reviews;1;
752305194.html;17041;18470;;;2.5;33;4.5;8 reviews;10;22
724527297.html;31795;34690;;;4.8;237;4.9;535 reviews;15;25
763660796.html;23995;;24495;Great Deal;4.8;1086;4.7;202 reviews;41,741;40
758214194.html;31995;;;Great Deal;4.8;1086;4.9;10 reviews;32,040;46
765430373.html;20913;22492;;;4.9;538;;;;20
762361529.html;19520;;;Good Deal;4.8;39;4.8;218 reviews;34,619;25
761675604.html;38423;;;;4.8;220;4.5;27 reviews;10;20
761057529.html;9940;;;Great Deal;4.6;122;4.6;160 reviews;33,916;29
757435580.html;17995;;;Good Deal;4.8;1086;4.9;316 reviews;12,624;39
765484806.html;21000;;21585;Great Deal;5;19;4.7;101 reviews;56,213;32
760313522.html;69951;;72114;Good Deal;4.9;225;4.3;20 reviews;3,192;43
766870693.html;16440;;;Good Deal;4.7;359;4.7;235 reviews;19,172;42
763970367.html;44644;49065;;;4.8;237;4.7;82 reviews;8;22
766141617.html;17888;;;Good Deal;4.6;262;4.7;229 reviews;35,589;38
763224175.html;24995;;;Great Deal;4.8;1086;4.7;138 reviews;34,587;43
764326032.html;28632;30155;;;4.9;538;4.5;62 reviews;;22
763420851.html;15987;;16908;Good Deal;5;15;4.8;141 reviews;17,128;32
745368733.html;29715;30685;;;4.9;53;4.8;99 reviews;52;23
754051958.html;31268;33180;;;4.9;682;4.6;42 reviews;15;29
739786358.html;44011;47965;;;4.8;236;4.6;67 reviews;14;19
762109831.html;18916;;;Good Deal;4.9;589;4.8;75 reviews;80,511;29
765617303.html;24682;;;Good Deal;4.9;115;4.6;21 reviews;20,660;48
757648291.html;33500;;;Good Deal;4.8;114;4.9;40 reviews;6,709;32
761137789.html;35130;40130;;;4.8;1125;5;19 reviews;;32
759264914.html;26400;;;Good Deal;4.9;538;4.8;291 reviews;30,016;24
757986713.html;56999;67600;;;5;25;5;7 reviews;5;15
719952449.html;30514;38065;;;5;62;4.9;119 reviews;1;14
754069250.html;46922;52185;;;4.5;63;4.7;138 reviews;12;32
735661704.html;24444;26462;;;4.9;538;4.7;639 reviews;150;21
764094951.html;28510;32010;;;4.8;1125;4.8;20 reviews;;32
751644299.html;22590;;;Good Deal;4.9;1370;4.9;211 reviews;10,385;44
749680352.html;58049;;;;4.8;1057;5;7 reviews;3;32
764982309.html;16053;;;Great Deal;4.5;761;4.5;86 reviews;25,733;38
765616730.html;33298;;;Good Deal;5;23;4.5;12 reviews;70,075;32
749955147.html;25751;30235;;;4.5;63;5;9 reviews;12;32
761091723.html;35695;37800;;;4.6;263;4.7;34 reviews;;32
759139852.html;44532;47775;;;4.5;63;4.8;52 reviews;20;32
764621327.html;12975;;;Good Deal;4.8;424;4.8;233 reviews;39,226;27
766502964.html;14981;;;Great Deal;4.8;69;4.9;7 reviews;34,722;41
753907944.html;39997;;;Good Deal;4.8;68;5;4 reviews;21,357;32
760062142.html;23688;;;Fair Price;4.9;701;4.7;149 reviews;48,569;26
766205939.html;29489;;29989;Good Deal;4.8;1086;4.5;75 reviews;37,321;40
762810991.html;60900;63400;;;4.8;1125;4.8;181 reviews;;32
762364960.html;23588;;;Good Deal;4.6;262;4.8;136 reviews;42,428;40
756850838.html;54000;54000;;;4.7;24;4.3;30 reviews;;20
749984493.html;31034;35215;;;5;19;4.6;22 reviews;14;32
760070042.html;33870;35630;;;5;169;4.6;22 reviews;;20
758408498.html;36783;37730;;;4.9;482;4.8;6 reviews;248;20
763252633.html;27688;;;Good Deal;4.6;262;3.7;3 reviews;45,434;40
760897505.html;55595;67340;;;4.4;26;4.5;23 reviews;24;31
760240214.html;25997;;;Good Deal;4.8;68;5;2 reviews;1,961;32
757904608.html;17335;19335;;;4.9;212;4.8;97 reviews;5;32
767251215.html;14894;;;Good Deal;4.8;1125;4.6;247 reviews;57,000;36
764966393.html;14990;;;Great Deal;4.8;424;4.7;235 reviews;22,367;26
750397076.html;40655;40655;;;4.9;701;4.7;82 reviews;2;19
761259199.html;44994;;45994;Good Deal;4.8;1086;5;5 reviews;17,702;47
753965721.html;42787;46773;;;5;6;4.7;44 reviews;1,111;21
766785853.html;28900;;;Good Deal;4.9;1796;4.4;131 reviews;87,668;28
759793418.html;21659;;;Good Deal;4.9;475;4.5;41 reviews;39,269;21
755486794.html;52213;58055;;;4.6;262;4.8;181 reviews;26;15
761554984.html;27375;29375;;;4.6;262;4.7;30 reviews;168;17
763997382.html;32291;34353;;;4.9;538;4.6;63 reviews;5;20
763885082.html;14475;;;Good Deal;4.5;761;4.9;71 reviews;20,901;37
766447802.html;18999;;;Great Deal;4.8;416;4.6;14 reviews;61,947;28
765980454.html;96768;;;;5;169;5;1 reviews;4;21
762721486.html;22805;26110;;;-1;-1;4.8;19 reviews;5;23
766495155.html;9990;;;Good Deal;4.9;482;4.4;61 reviews;76,131;20
747828623.html;26557;28825;;;4.6;262;5;2 reviews;6;16
766220312.html;38325;45625;;;5;303;4.5;42 reviews;45;18
750691125.html;90080;;;;4.9;115;4.9;7 reviews;11;32
761019297.html;30523;;;;4.8;220;4.8;20 reviews;10;17
742888189.html;22045;;;;4.6;409;4.9;459 reviews;4;10
765036314.html;29980;;;Good Deal;4.8;39;4.7;240 reviews;32,494;32
761819371.html;30000;;;Good Deal;4.8;49;4.6;152 reviews;29,413;20
764979175.html;14940;;;Good Deal;4.7;359;4.6;21 reviews;24,825;49
759864932.html;20386;23310;;;4.6;262;4.7;34 reviews;14;15
761619124.html;13595;;;Good Deal;4.9;287;4.8;58 reviews;52,938;27
767113239.html;32000;;;Good Deal;5;303;4.7;113 reviews;26,494;31
762483552.html;41950;;;Good Deal;4.8;39;4.7;272 reviews;57,758;31
749878154.html;33223;;;;4.6;263;4.6;41 reviews;;32
760179007.html;13997;;;Great Deal;4.9;475;4.7;131 reviews;17,823;19
766676665.html;20000;;;Good Deal;4.8;79;5;5 reviews;87,170;22
763336974.html;45805;45805;;;4.9;701;4.6;67 reviews;2;15
764300229.html;25410;27160;;;4.5;761;4.6;164 reviews;;32
752725210.html;23495;;23995;Great Deal;4.8;1086;4.8;239 reviews;45,151;40
762296462.html;29994;;30494;Good Deal;4.8;1086;4.8;89 reviews;52,057;40
757716267.html;22990;;;Good Deal;4.9;1370;4.9;56 reviews;36,531;41
764500876.html;35610;37672;;;4.9;538;4.5;62 reviews;;23
752319799.html;22800;;;Good Deal;4.9;538;4.7;108 reviews;112,991;20
760694423.html;22820;;;Good Deal;4.8;39;4.8;102 reviews;46,152;27
759941502.html;17040;18545;;;5;18;4.7;3 reviews;5;26
765966012.html;42099;45143;;;5;6;4.4;87 reviews;1;22
763631813.html;22280;22280;;;4.1;22;4.9;50 reviews;5;17
765875532.html;23030;25530;;;4.8;1125;4.4;33 reviews;;32
757741008.html;28900;;;Good Deal;4.9;1796;4.5;129 reviews;45,865;25
762084481.html;56048;63510;;;4.6;262;4.7;93 reviews;19;13
758555979.html;22995;;;Good Deal;4.8;39;4.7;298 reviews;27,858;24
764000810.html;24650;;;Good Deal;4.9;682;4.8;145 reviews;11,001;35
762300661.html;19195;;;Good Deal;4.8;1086;4.7;101 reviews;30,880;39
751060262.html;31801;34665;;;5;169;5;32 reviews;;20
747366724.html;34018;38205;;;5;15;4.8;82 reviews;6;23
762980600.html;19995;;20995;Good Deal;4.8;1086;4.4;24 reviews;17,805;39
759265211.html;65300;;;Good Deal;4.9;538;5;9 reviews;39,692;26
760294876.html;23995;;24995;Great Deal;4.9;162;4.6;83 reviews;44,863;32
758868489.html;50433;57560;;;5;23;;;9;15
763987137.html;40995;;41495;Good Deal;4.8;1086;4.8;14 reviews;30,999;49
765406507.html;18444;20115;;;4;25;4.8;55 reviews;17;18
745461950.html;21998;25935;;;-1;-1;4.2;8 reviews;;12
755637747.html;20081;23735;;;4.9;589;4.8;19 reviews;;18
765271912.html;53389;;;;4.8;1057;4.8;20 reviews;4;32
760918102.html;48530;50530;;;4.8;1125;4.8;15 reviews;;32
766027589.html;28139;29000;;;4.9;53;4.8;99 reviews;11;22
759864852.html;20484;23430;;;4.6;262;4.7;34 reviews;15;15
764486878.html;34316;34816;;;4.6;262;4.9;25 reviews;13;20
742027194.html;26735;29765;;;4;25;4.9;284 reviews;5;20
766205938.html;31595;;;Good Deal;4.8;1086;4.9;122 reviews;17,460;36
766784127.html;39101;39101;;;4.9;599;;;14;25
766800010.html;17981;;;Good Deal;4.8;1057;4.6;103 reviews;111,314;48
762323482.html;71749;78845;;;5;303;5;4 reviews;45;18
761269413.html;33740;;;Good Deal;4.8;416;4.7;142 reviews;88,383;29
762041912.html;11812;;;Good Deal;4.6;122;4.6;160 reviews;23,257;31
763213695.html;38805;38805;;;4.9;701;4.7;82 reviews;2;13
759685986.html;12998;;;Good Deal;4.9;475;5;13 reviews;56,092;21
755719966.html;24623;;;;4.8;220;3.3;3 reviews;6;21
761039897.html;32990;;;Good Deal;4.9;1370;4.8;211 reviews;1,906;45
766784040.html;53565;53565;;;4.9;599;5;14 reviews;16;32
760076148.html;36151;38605;;;4.8;237;4.6;67 reviews;8;25
758877449.html;43005;45755;;;4.8;1125;4.8;15 reviews;;32
763805047.html;23596;27495;24745;;4.9;589;4.9;37 reviews;;17
746713789.html;36205;40705;;;4.8;1125;4.8;181 reviews;;32
758759991.html;22395;;;Great Deal;4.8;1086;4.6;42 reviews;21,817;40
761039901.html;25990;;;Good Deal;4.9;1370;4.6;88 reviews;35,828;42
764678866.html;62995;64995;;;5;303;4.5;23 reviews;9;18
762422050.html;39000;;;Good Deal;4.7;417;4.5;44 reviews;76,481;44
760077937.html;28300;;;Good Deal;4.9;538;4.8;220 reviews;14,608;21
753728701.html;21560;25810;;;4.8;1125;4.7;203 reviews;;32
751303921.html;29263;;;;4.8;220;4.9;37 reviews;10;20
766480859.html;41725;46225;;;4.6;262;4.8;181 reviews;13;5
756899099.html;27453;;;;4.8;220;4.2;5 reviews;;20
765879751.html;18694;;;Good Deal;4.8;1086;4.2;29 reviews;28,591;39
762258904.html;39900;;;Good Deal;4.8;39;4.8;211 reviews;15,793;32
766783966.html;84900;84900;;;4.9;599;4.4;25 reviews;75;32
707376407.html;59025;72870;;;4.7;114;4.8;27 reviews;1,412;23
758314726.html;57168;;;;4.8;1057;4.8;20 reviews;13;32
752123510.html;32436;36310;;;4.6;262;4.8;20 reviews;11;19
765798178.html;33995;;;Good Deal;4.8;1086;4.7;196 reviews;19,054;40
761286564.html;44249;57770;;;4;4;4.8;20 reviews;238;32
766520229.html;9750;;;Great Deal;-1;-1;4.7;329 reviews;220,209;32
761826358.html;24990;;;Good Deal;4.9;1370;4.7;50 reviews;51,102;43
766960450.html;19991;;;Good Deal;4.9;162;4.6;127 reviews;51,773;32
760232178.html;21955;24705;;;4.5;761;4.4;17 reviews;;32
753705331.html;36576;;;Good Deal;4.8;416;4.7;142 reviews;51,908;27
762040229.html;15588;;;Good Deal;4.6;262;4.8;433 reviews;15,018;38
757279897.html;44717;56105;;;5;119;4.9;128 reviews;;13
755719705.html;31708;;;;4.8;220;4.9;37 reviews;10;21
747515451.html;35055;35055;;;3.5;14;4.6;67 reviews;3;20
752565213.html;28966;33065;;;4.6;262;4.7;34 reviews;16;20
766367862.html;24100;;;Good Deal;4.6;289;;;18,438;29
762961179.html;17579;21575;;;5;68;4.8;27 reviews;3;12
757423554.html;62755;65505;;;4.5;761;4.6;18 reviews;;32
762613510.html;16990;;;Good Deal;4.9;1370;4.8;42 reviews;28,783;37
760922257.html;14500;;;Good Deal;4.9;538;4.9;370 reviews;1,789;21
766660893.html;22300;;;Great Deal;4.9;538;4.9;173 reviews;43,729;22
766982440.html;13995;;;Great Deal;5;169;4.1;94 reviews;71,066;20
757198216.html;20582;27495;24596;;4.8;39;4.9;37 reviews;5;25
763676263.html;27840;;;Great Deal;4.7;359;4.8;72 reviews;50,125;47
758214706.html;19995;;;Great Deal;4.8;1086;4.9;84 reviews;23,050;43
754312254.html;35988;;;Great Deal;4.9;482;4.8;248 reviews;6,997;19
766349646.html;19900;;;Good Deal;4.9;538;4.5;35 reviews;63,388;22
761826356.html;23990;;24990;Great Deal;4.9;1370;4.3;7 reviews;65,120;49
752732948.html;29150;31685;;;-1;-1;4.9;449 reviews;482;16
766287503.html;40241;45096;;;4.7;417;4.4;87 reviews;1;32
762457119.html;54000;;;Good Deal;4.6;263;4.7;36 reviews;30,659;35
762101712.html;35792;38181;;;4.9;538;4.6;63 reviews;1;17
737114783.html;39856;46340;;;4.8;1125;4.9;122 reviews;;32
758714417.html;37685;38185;;;4.9;287;4.7;25 reviews;4;11
760799372.html;17860;20690;;;5;23;5;33 reviews;9;15
765661218.html;49257;58385;58385;;5;99;4.3;30 reviews;3;32
761741580.html;23591;;;Good Deal;4.9;475;4.7;53 reviews;49,303;23
758214721.html;19495;;19995;Good Deal;4.8;1086;4.7;80 reviews;30,313;42
766243100.html;12415;;;Good Deal;4.8;416;4.7;110 reviews;101,243;31
765856377.html;48793;;;;4.2;45;;;;32
732040899.html;41510;43720;;;4.8;39;4.8;28 reviews;95;25
765176204.html;20113;21647;;;4.9;538;4.8;102 reviews;;21
761454456.html;45465;45465;;;5;932;4.7;82 reviews;11;15
767153307.html;13695;;;Great Deal;-1;-1;4.9;226 reviews;46,182;32
758214226.html;30994;;;Great Deal;4.8;1086;4.8;36 reviews;16,596;44
767259435.html;21100;;;Great Deal;4.6;289;4.8;14 reviews;44,688;29
762304321.html;27940;;;Good Deal;4.7;359;4.9;100 reviews;51,257;59
745347715.html;44969;49015;;;4.8;236;4.7;82 reviews;14;19
765946999.html;23833;;;Good Deal;5;15;4.6;41 reviews;9,576;32
759685988.html;30325;;;Good Deal;4.9;475;4.6;35 reviews;3,443;22
758214398.html;24495;;24995;Great Deal;4.8;1086;4.8;117 reviews;33,284;39
764178333.html;24765;24765;;;4.9;701;4.5;40 reviews;2;20
757279899.html;44357;55710;;;5;119;4.9;128 reviews;;12
759392911.html;26600;;;Good Deal;4.9;538;4.8;291 reviews;30,917;20
763641303.html;44725;;;;4.6;409;4.5;6 reviews;3;20
767329892.html;27995;;;Good Deal;4.8;1086;4.9;120 reviews;20,915;39
755867989.html;20719;21985;;;4.9;682;4.4;45 reviews;15;18
766783974.html;84075;84075;;;4.9;599;;;1,000;32
765760873.html;21100;;;Good Deal;4.6;289;4.8;102 reviews;47,251;29
766291340.html;9000;;9800;Good Deal;4.9;538;4.7;55 reviews;193,199;24
766495254.html;37991;;;Good Deal;4.9;482;4.4;59 reviews;117,985;22
765980294.html;33997;;;Great Deal;4.8;68;4.8;73 reviews;26,288;32
744692348.html;29830;30580;;;4.5;761;4.6;35 reviews;;32
758835984.html;30925;30925;;;4.7;24;4.6;164 reviews;;20
765969527.html;17489;;17989;Good Deal;4.8;1086;4.6;258 reviews;38,247;34
760219285.html;35127;35627;;;4.6;262;4.6;13 reviews;13;16
758214774.html;18195;;;Great Deal;4.8;1086;4.7;81 reviews;28,095;43
753279436.html;37535;45515;;;4.6;262;4.8;181 reviews;12;14
760500407.html;39477;;;Good Deal;4.7;359;4.7;93 reviews;34,779;56
748983688.html;30059;33925;;;5;68;4.8;82 reviews;3;12
757747490.html;49988;58915;;;5;25;4.9;128 reviews;;9
757049540.html;74583;;;;4.8;220;4.8;20 reviews;10;22
763975951.html;38805;38805;;;4.9;701;4.7;82 reviews;2;20
759636328.html;24495;;;Good Deal;4.8;1086;4.7;168 reviews;24,953;44
761331616.html;45855;56505;;;-1;-1;4.8;20 reviews;17;22
749984500.html;21902;25060;;;5;19;4.6;42 reviews;30;32
766504177.html;19900;;;Good Deal;4.9;538;4.8;20 reviews;61,199;22
765627863.html;48915;48915;;;-1;-1;4.8;181 reviews;;13
753614194.html;43708;45010;;;4.9;482;4.8;15 reviews;2;24
764810763.html;43345;46345;;;4.9;482;4.7;19 reviews;6;23
763681533.html;20584;;;Good Deal;4.9;701;4.7;66 reviews;85,693;31
764966445.html;11990;;;Great Deal;4.8;424;4.5;53 reviews;63,739;31
765683175.html;21170;21170;;;5;932;4.9;55 reviews;11;11
760708254.html;47970;;;Good Deal;5;99;4.8;30 reviews;22,572;32
767259786.html;16600;;;Good Deal;4.6;289;4.8;204 reviews;35,753;29
767020933.html;11697;;;Great Deal;-1;-1;4.6;136 reviews;67,632;32
766181600.html;24720;27220;;;4.8;1125;;;;32
762289842.html;20994;;;Great Deal;4.8;1086;4.8;14 reviews;39,795;45
756850847.html;35505;35505;;;4.7;24;4.6;164 reviews;;21
766217321.html;11977;;12994;Good Deal;4.8;237;4.5;54 reviews;30,911;27
757563953.html;21737;22460;;;4.9;53;4.8;55 reviews;18;19
764023102.html;21888;;;Good Deal;4.6;262;4.8;559 reviews;19,487;38
762529222.html;28995;;;Good Deal;4.8;1086;4.6;13 reviews;34,980;41
757833362.html;25947;;;Good Deal;5;99;4.8;879 reviews;24,249;31
757856067.html;49383;58520;;;5;25;4.9;128 reviews;;9
753609099.html;28678;32470;;;5;15;4.9;19 reviews;10;23
763521042.html;19991;;;Good Deal;4.9;475;4.8;559 reviews;19,566;25
767179082.html;24320;24320;;;5;932;4.9;55 reviews;11;10
761464620.html;21900;26765;23400;;4.8;39;4.8;19 reviews;5;27
755732433.html;37747;48375;;;5;25;4.7;72 reviews;;10
757678086.html;11897;;;Great Deal;-1;-1;4.4;133 reviews;78,657;26
765347594.html;32696;34135;;;4.7;114;4.5;71 reviews;2;18
759946209.html;22576;23565;;;4.9;682;5;1 reviews;15;32
765171257.html;7997;;9997;Great Deal;4.8;68;4;49 reviews;291,807;32
751300030.html;52250;61140;;;4.8;39;4.9;42 reviews;5;11
739151010.html;38135;41635;;;4.8;1125;4.8;135 reviews;;32
766712045.html;15898;;;Great Deal;-1;-1;4.7;40 reviews;101,714;30
765966014.html;29335;;29877;Good Deal;5;6;4.8;120 reviews;64,098;32
765735000.html;22990;;;Good Deal;4.9;1370;4.8;145 reviews;43,772;41
755865618.html;33957;37515;;;4.5;63;4.8;21 reviews;3;32
760079810.html;23215;23215;;;5;932;4.5;40 reviews;11;11
766617107.html;15095;;;Great Deal;-1;-1;4.3;49 reviews;102,296;32
761039888.html;18990;;;Good Deal;4.9;1370;4.9;459 reviews;5,138;33
761442065.html;15500;;;Good Deal;4.7;417;4.7;134 reviews;43,780;36
765570284.html;8240;;;Good Deal;4.7;359;4.7;110 reviews;99,681;41
762235453.html;27889;29385;;;4.9;287;4.7;25 reviews;3;11
766459346.html;17990;;;Good Deal;5;17;4.3;129 reviews;4,452;26
765532176.html;24990;;;Good Deal;4.8;424;4.5;75 reviews;27,241;31
764776967.html;34492;;;Good Deal;4.8;1057;4.1;74 reviews;36,846;47
764658924.html;19195;;;Good Deal;4.8;1086;4.7;101 reviews;27,103;40
765445444.html;29577;;;Great Deal;4.7;359;4.8;181 reviews;15,895;55
753767491.html;34138;36915;;;4.6;262;4.7;118 reviews;15;21
747316822.html;67615;67615;;;4.9;225;5;2 reviews;10;32
763966508.html;53398;;;;4.8;1057;4.8;20 reviews;6;32
752502008.html;68018;;;;4.8;220;4.9;589 reviews;12;21
766118948.html;23494;;23994;Great Deal;4.8;1086;4.8;32 reviews;38,333;43
766552076.html;24599;30620;;;5;25;4.6;35 reviews;24;25
758123278.html;23145;;;;4.6;409;4.9;55 reviews;14;17
754987008.html;27579;29725;;;3.5;14;4.6;42 reviews;3;20
743935725.html;20599;28135;;;5;25;4.6;164 reviews;3,312;23
756768327.html;57695;68655;;;4.4;26;5;4 reviews;22;28
765430132.html;20492;;;Good Deal;4.7;308;4.8;18 reviews;88,055;52
758444993.html;27837;29300;;;4.9;682;4.6;22 reviews;15;31
757404827.html;40605;40605;;;4.9;701;4.6;67 reviews;2;21
766646043.html;18997;;;Good Deal;4.9;212;4.8;92 reviews;55,670;39
747516868.html;62271;77525;;;4.9;589;5;24 reviews;;16
758056523.html;49490;;;;-1;-1;4.8;22 reviews;3;10
762292187.html;51500;54130;;;4.9;226;5;12 reviews;5;32
751039073.html;25025;25025;;;3.7;61;4.8;19 reviews;1;20
758808108.html;30995;;31995;Good Deal;4.8;1086;4.8;9 reviews;29,974;43
755732346.html;49312;58520;;;5;25;4.9;128 reviews;;9
765557317.html;30777;;;Good Deal;4.8;357;4.8;248 reviews;18,699;23
752944842.html;15990;;;Good Deal;4.8;424;4.8;204 reviews;27,345;20
747366299.html;36350;41045;;;5;15;4.9;19 reviews;10;21
762836490.html;19640;;;Good Deal;4.7;359;4.8;54 reviews;37,514;52
752890053.html;17151;18520;;;5;15;4.5;8 reviews;10;20
766287482.html;21900;;;Good Deal;4.7;417;4.8;244 reviews;22,886;45
746064013.html;24961;;26010;Good Deal;4.7;114;4.8;310 reviews;19,197;29
766975227.html;23440;;;Good Deal;4.7;359;4.8;239 reviews;59,539;58
749938948.html;24937;26945;;;5;169;4.6;77 reviews;9;20
757279778.html;44717;56105;;;5;119;4.9;128 reviews;;12
766806466.html;26800;;;Good Deal;5;25;4.7;206 reviews;21,267;25
758716008.html;41588;;;Good Deal;4.9;482;4.8;66 reviews;23,320;31
759306634.html;17987;;;Good Deal;4.9;482;4.6;86 reviews;54,786;27
765163583.html;28655;30405;;;4.5;761;4.6;164 reviews;;32
767465354.html;64991;;;Good Deal;4.9;599;4.5;2 reviews;10,575;8
737426229.html;34290;34290;;;5;932;4.7;82 reviews;13;14
767096564.html;18995;;;Great Deal;4.8;1086;4.8;310 reviews;27,518;36
760652702.html;17899;;;Good Deal;5;23;4.4;215 reviews;43,504;32
766838421.html;47585;50585;;;4.9;482;4.7;19 reviews;5;23
761444522.html;40113;43006;;;4.9;538;4.8;49 reviews;;20
747656529.html;38434;42700;39283;;4.8;69;5;2 reviews;44;32
759747009.html;16900;;;Great Deal;4.3;67;4.8;151 reviews;7,238;31
756351230.html;19686;;;Good Deal;4.8;416;4.9;22 reviews;66,141;36
761744568.html;18395;;;;3.5;14;5;33 reviews;152;20
767049624.html;21900;;22600;Great Deal;4.6;289;4.7;122 reviews;41,261;29
759443696.html;28826;34695;;;5;62;4.6;35 reviews;1;16
760030687.html;7710;;;Great Deal;4.6;263;4.2;30 reviews;162,017;25
763570663.html;23740;;;Good Deal;4.7;359;4.7;29 reviews;22,079;51
747404528.html;27851;29500;;;5;6;4.8;220 reviews;23;24
767228529.html;11481;;;Good Deal;4.7;308;4.7;97 reviews;86,363;42
767427077.html;57990;;;Good Deal;4.9;1370;4.9;15 reviews;28,541;53
759679030.html;37789;49485;;;4.7;114;4.7;261 reviews;2;16
759383375.html;26266;27385;;;5;169;4.6;22 reviews;;20
765570533.html;29940;;30940;Good Deal;4.7;359;4.2;13 reviews;26,111;48
762836452.html;24940;;;Great Deal;4.7;359;4.7;266 reviews;34,572;46
763805009.html;53645;58645;;;4.9;589;4.8;20 reviews;;17
760699449.html;37495;;37995;Good Deal;4.8;1086;4.8;40 reviews;15,737;46
765171263.html;24997;;;Great Deal;4.8;68;4.8;32 reviews;42,808;32
762980601.html;30495;;30995;Good Deal;4.8;1086;5;6 reviews;22,950;43
758314663.html;26085;30085;;;4.8;1125;4.8;17 reviews;;32
764610165.html;16298;;;Good Deal;5;23;4.8;267 reviews;8,242;32
759627225.html;36200;;;Good Deal;4.7;417;4.7;261 reviews;9,018;44
766676660.html;44000;;;Good Deal;4.8;79;4.7;66 reviews;94,487;21
752283752.html;47965;;;;4.6;409;4.6;67 reviews;12;12
767048729.html;27200;;27900;Great Deal;4.6;289;4.9;19 reviews;28,838;29
763850661.html;72330;72330;;;4.9;482;4.7;23 reviews;2;20
763805054.html;23670;25670;;;4.9;589;4.8;19 reviews;;16
752717134.html;27233;29637;;;4.9;538;4.7;80 reviews;1;14
767021429.html;18590;;;Good Deal;4.9;1370;4.6;41 reviews;99,597;47
766504174.html;29500;;31900;Good Deal;4.9;538;4.9;135 reviews;44,554;20
742842504.html;23445;28945;;;4.8;1125;4.7;171 reviews;16;32
752785434.html;13999;;;Good Deal;4.8;416;4.6;233 reviews;25,512;25
766782185.html;38499;41730;;;4;4;4.4;19 reviews;4;28
764143868.html;27157;;28196;Good Deal;5;15;4.7;272 reviews;26,988;30
736371012.html;24444;26462;;;4.9;538;4.7;639 reviews;3;17
763206208.html;55068;;;;4.8;1057;4.8;20 reviews;4;32
761682569.html;22957;26522;;;4.7;417;4.7;80 reviews;1;32
745961005.html;25999;30930;;;4;4;4.5;27 reviews;5;24
760077363.html;51521;;;;4.2;45;;;7;32
757496878.html;17994;;18494;Good Deal;4.6;409;4.9;278 reviews;12,555;31
751965926.html;35900;37330;;;4.9;226;4.8;99 reviews;5;32
761071488.html;17834;20715;;;5;23;5;33 reviews;6;15
763336584.html;72301;;;;4.2;45;3;2 reviews;;32
760702397.html;37735;41235;;;5;68;4.9;19 reviews;3;13
749358709.html;69397;76260;;;5;303;5;4 reviews;5;18
766157330.html;43975;54605;;;5;251;4.8;20 reviews;3,406;32
763105670.html;15678;;;Good Deal;4.9;475;4.7;235 reviews;30,112;24
762483196.html;27140;;27940;Good Deal;4.7;359;4.6;158 reviews;32,231;57
762749974.html;57995;;58995;Fair Price;4.8;1086;5;128 reviews;1,053;44
762336805.html;31138;33065;;;4.9;287;4.7;25 reviews;77;11
765427165.html;22274;24191;;;4.7;417;;;1;32
763071583.html;40000;;;Great Deal;4.8;49;4.7;46 reviews;30,568;17
752250071.html;46413;51935;;;4.5;63;4.7;138 reviews;20;32
758269509.html;27602;;;Good Deal;4.9;225;4.7;108 reviews;39,850;41
757205152.html;40215;49830;;;4.9;589;4.8;20 reviews;;16
765879358.html;20913;22492;;;4.9;538;;;;20
760926705.html;15539;15795;;;4.9;682;4.8;15 reviews;15;23
764193549.html;17100;;;Good Deal;4.9;212;4.4;215 reviews;37,154;39
767260115.html;29300;;;Good Deal;4.6;289;4.7;131 reviews;43,320;29
758157438.html;26085;30085;;;4.8;1125;4.8;17 reviews;;32
766350826.html;24777;;;Great Deal;4.7;359;4.8;6 reviews;24,617;55
749578604.html;19834;;20838;Good Deal;4.9;225;4.7;81 reviews;19,463;42
760353962.html;20552;25585;;;4.6;262;4.7;171 reviews;14;5
767049633.html;27700;;;Good Deal;4.6;289;4.6;258 reviews;9,462;29
759793417.html;31493;;;Good Deal;4.9;475;4.7;42 reviews;6,387;22
763515467.html;26676;30930;;;4.5;63;4.9;37 reviews;10;32
760685132.html;37495;;;Good Deal;4.8;1086;4.7;55 reviews;12,410;46
763579256.html;18994;;;Great Deal;4.8;1086;4.9;84 reviews;12,098;40
759994398.html;34995;;36995;Great Deal;4.8;1086;4.8;4 reviews;35,396;46
767373353.html;31981;;;Good Deal;4.8;1057;4.8;22 reviews;19,719;44
757543781.html;21449;;;Good Deal;4.9;701;4.9;468 reviews;21,922;28
756189909.html;26743;29790;;;4.8;39;4.2;5 reviews;5;24
766527406.html;23132;23132;;;2.5;10;4.8;102 reviews;10;6
760439473.html;17335;19335;;;4.9;212;4.8;97 reviews;5;32
766101235.html;25995;;;Good Deal;4.8;1086;4.8;9 reviews;30,702;39
763746232.html;56026;58430;;;4.9;482;4.5;23 reviews;70;20
767206920.html;33429;;;Good Deal;4.8;1125;4.7;116 reviews;15,453;36
763471285.html;38755;38755;;;5;932;4.6;67 reviews;11;18
763226491.html;35177;39660;;;-1;-1;4.7;34 reviews;4;26
766949796.html;3850;;;Great Deal;4.5;8;4.4;60 reviews;200,000;22
766958935.html;30981;;;Good Deal;4.7;308;5;14 reviews;40,301;49
761589688.html;50990;;51990;Good Deal;4.9;1370;5;35 reviews;11,500;53
764195131.html;25410;27160;;;4.5;761;4.6;164 reviews;;32
764817342.html;28295;28295;;;4.9;701;4.4;69 reviews;2;21
761341788.html;25870;28092;;;4.9;538;4.7;80 reviews;1;11
751037639.html;42546;46890;;;4.1;104;4.3;30 reviews;5;23
763530903.html;54505;54505;;;4.7;24;4.3;30 reviews;;20
762268570.html;14895;;;Good Deal;4.7;176;4.9;226 reviews;27,223;30
766197999.html;25840;;;Great Deal;4.7;359;4.6;75 reviews;48,144;55
746998227.html;15495;15795;;;5;19;4.8;15 reviews;2;32
759325142.html;31758;35410;;;5;19;5;1 reviews;5;32
765899922.html;25119;;;Fair Price;4.9;49;4.9;27 reviews;117,388;42
757670281.html;32988;;;Good Deal;5;251;4.8;244 reviews;3,296;47
765815732.html;12592;;;Good Deal;4.5;63;4.2;37 reviews;116,323;47
755604184.html;87347;;;;4.8;1057;4.5;2 reviews;5;32
766169138.html;12172;13380;;;4.6;262;4.7;42 reviews;4,762;13
759808023.html;29255;30940;;;4.9;589;4.9;37 reviews;;17
750415407.html;26106;29630;;;4.9;212;4.9;70 reviews;5;32
752832655.html;50488;;;;4.8;1057;4.2;37 reviews;4;32
767097733.html;16995;;;Good Deal;4.8;1086;4.8;8 reviews;35,255;41
757435577.html;20994;;;Good Deal;4.8;1086;4.6;46 reviews;6,807;40
753892169.html;23442;26255;;;-1;-1;4.2;5 reviews;6;23
731679286.html;23910;23910;;;4.7;24;4.9;227 reviews;;31
764946161.html;33660;34160;;;4.5;761;4.5;71 reviews;;32
749961910.html;28373;28373;;;2.5;10;4.7;80 reviews;10;6
758214386.html;24995;;25995;Good Deal;4.8;1086;4.9;316 reviews;10,875;43
760924016.html;31015;31015;;;5;932;5;32 reviews;11;15
766521758.html;36974;;39471;Good Deal;4.8;1125;4.8;146 reviews;38,244;35
765694508.html;21595;;;Great Deal;4.8;1086;4.7;168 reviews;38,195;40
752449702.html;44381;48515;;;4.6;262;4.8;135 reviews;;16
749427243.html;40623;43613;;;4.9;538;4.5;14 reviews;1;15
756972810.html;35991;;;Good Deal;4.8;416;4.9;58 reviews;18,773;27
753286025.html;29213;31750;30162;;4.8;69;4.8;5 reviews;11;32
766367898.html;21900;;22500;Great Deal;4.6;289;4.7;48 reviews;69,000;29
760849587.html;49191;51190;;;4.5;63;4.5;2 reviews;12;32
764650928.html;23621;25000;;;4.9;682;4.6;42 reviews;15;29
760129656.html;57349;59860;;;4.9;482;4.5;23 reviews;7;19
767153736.html;14795;;;Great Deal;-1;-1;4.8;422 reviews;48,925;32
760924019.html;28195;28195;;;5;932;4.9;55 reviews;11;11
765801257.html;16625;;;Good Deal;4.8;1125;4.5;199 reviews;43,457;40
750596495.html;25478;;;;4.8;220;4.9;37 reviews;3,266;20
763328424.html;61775;61775;;;4.9;482;4.7;23 reviews;2;19
766032048.html;44356;48605;;;4.6;263;4.8;20 reviews;;32
760791426.html;22465;30380;;;5;99;4.6;164 reviews;6;32
755202593.html;39916;42742;;;4.9;538;4.8;49 reviews;1;12
766634589.html;28590;;;Good Deal;4.9;1370;4.9;703 reviews;25,037;47
758594542.html;29888;;;Good Deal;4.9;482;5;7 reviews;28,636;26
746291072.html;21240;;;Great Deal;4.7;359;4.8;45 reviews;43,103;60
761693396.html;15877;;;Good Deal;4.7;359;4.9;96 reviews;34,693;49
757361707.html;8994;;;Good Deal;5;22;4.5;75 reviews;91,411;26
765986670.html;43167;53315;44417;;4.8;39;4.8;20 reviews;5;28
764856792.html;25724;25724;;;3.9;173;4.7;80 reviews;15;12
755230142.html;10990;;;Great Deal;4.8;114;4.8;100 reviews;84,166;30
761157387.html;33870;35630;;;5;169;4.6;22 reviews;12;21
758578004.html;61272;67610;;;4.6;101;4.8;181 reviews;;11
754950243.html;32098;38985;;;5;119;4.7;26 reviews;;24
748501314.html;36695;36695;;;5;932;4.9;535 reviews;11;14
762849094.html;62920;62920;;;4.9;475;4.6;18 reviews;;19
760871115.html;13046;13455;;;5;19;4.8;15 reviews;3;32
761708241.html;20495;;;Good Deal;4.8;1086;4.7;58 reviews;32,162;37
764056110.html;15000;;15500;Good Deal;4.8;236;4.8;233 reviews;51,059;23
762608874.html;36495;;36995;Great Deal;4.8;1086;5;2 reviews;14,441;43
766784087.html;72675;72675;;;4.9;599;4.4;25 reviews;8;32
750258266.html;52594;55970;;;4.9;482;4.9;128 reviews;1;20
763571718.html;16992;;;Good Deal;4.8;1125;4.9;317 reviews;14,713;37
766066959.html;41473;44109;;;5;6;4.4;87 reviews;1;23
760353862.html;73845;73845;;;4.6;262;5;1 reviews;49;14
767474532.html;47195;47195;;;4.7;308;4.2;42 reviews;4;32
758791326.html;21695;;;Good Deal;4.8;1086;4.8;54 reviews;32,456;45
752581450.html;16977;;;Good Deal;4.7;359;4.7;84 reviews;35,510;59
766784110.html;172465;172465;;;4.9;599;5;4 reviews;41;25
762456656.html;19285;;;Good Deal;5;22;4.5;70 reviews;56,117;31
766537834.html;14980;;;Good Deal;4.9;482;4.7;34 reviews;42,213;23
758444988.html;29447;31100;;;4.9;682;4.6;22 reviews;15;31
755731995.html;42021;50025;;;5;25;4.5;42 reviews;;10
757647273.html;40381;41730;;;4.6;263;4.7;34 reviews;;32
764099694.html;15440;;;Good Deal;4.7;359;4.7;71 reviews;38,203;49
765856092.html;61638;;;;4.2;45;3;2 reviews;;32
761814440.html;99895;;;;4.8;1057;5;2 reviews;6;32
766884735.html;23000;;;Great Deal;5;303;4.8;79 reviews;105,388;28
766872579.html;21743;;;Good Deal;4.8;1125;4.7;40 reviews;19,554;37
766175032.html;16490;;;Good Deal;4.8;424;4.2;29 reviews;51,235;28
758540611.html;53013;;;;4.8;220;4.8;20 reviews;6;20
763642675.html;10598;;;Good Deal;4.6;122;4.7;131 reviews;66,679;31
762608886.html;14877;;;Good Deal;4.7;359;4.8;422 reviews;50,042;47
756849591.html;24245;24930;;;4.9;53;4.9;70 reviews;11;22
764299550.html;19690;;;Good Deal;4.8;237;4.7;84 reviews;27,630;27
763611661.html;16444;;;Good Deal;4.8;357;4.8;379 reviews;38,898;20
765078477.html;23694;;;Good Deal;4.8;1086;4.9;57 reviews;30,930;41
757842757.html;71122;73490;;;4.5;63;4.8;6 reviews;27;32
764431398.html;25989;;;Great Deal;4.8;1086;4.7;25 reviews;30,716;44
765069847.html;32892;;;Great Deal;4.7;308;5;6 reviews;7,790;45
747324686.html;22815;26815;;;4.8;1125;4.9;316 reviews;;32
764976869.html;28295;28295;;;5;932;4.4;69 reviews;11;13
766085899.html;16977;;;Great Deal;4.7;359;4.7;171 reviews;26,104;51
759519614.html;44433;54925;;;-1;-1;4.8;20 reviews;7;20
764380275.html;22450;25200;;;4.9;589;4.9;37 reviews;;15
766323181.html;16687;;;Good Deal;5;15;4.7;123 reviews;108,374;29
760719913.html;26345;27610;;;4.9;287;4.7;25 reviews;1;10
767474538.html;46205;46205;;;4.7;308;4.9;28 reviews;12;32
740870565.html;49994;;;;4.2;45;4.8;6 reviews;1,506;32
764056574.html;34875;34875;;;4.9;475;4.6;164 reviews;4;13
762188394.html;34731;39190;;;-1;-1;4.7;34 reviews;2;25
750566828.html;18980;19980;;;4.6;262;4.8;32 reviews;36;13
763676199.html;18477;;;Good Deal;4.7;359;4.7;298 reviews;28,713;54
725093315.html;58868;;;;4.8;220;4.9;589 reviews;5,752;20
765128746.html;35271;37495;;;4.8;69;4.8;5 reviews;4;32
763327402.html;60904;;;;4.8;1057;4.8;20 reviews;7;32
764649978.html;15840;;;Good Deal;4.7;359;4.7;235 reviews;60,598;53
751277371.html;30185;33685;;;4.8;1125;4.8;20 reviews;;32
758725699.html;28593;31475;;;4.9;589;4.2;5 reviews;;19
757423366.html;55710;58710;;;4.8;1125;4.8;135 reviews;;32
749352519.html;44091;;;Good Deal;4.7;114;4.7;36 reviews;95,419;32
764947595.html;23699;26985;;;5;251;4.2;5 reviews;6;32
741155699.html;27833;33135;;;4.7;114;4.6;164 reviews;2;12
766538947.html;17989;;;Good Deal;5;68;4.8;218 reviews;32,720;22
740062510.html;40605;40605;;;5;932;4.6;67 reviews;305;14
763696281.html;42746;48285;;;4.7;417;4.6;31 reviews;1;32
765941766.html;25395;;;;4.6;409;4.4;69 reviews;3;14
739852924.html;27400;;;Good Deal;5;23;4.7;266 reviews;32,378;32
766085897.html;32777;;;Good Deal;4.7;359;4.8;21 reviews;16,921;54
761527334.html;21880;;;Great Deal;4.5;64;4.9;57 reviews;23,599;23
764633466.html;18995;;19495;Good Deal;4.8;1086;4.7;80 reviews;40,141;39
762300660.html;21195;;;Great Deal;4.8;1086;4.7;101 reviews;31,965;42
765556401.html;23991;;;Good Deal;5;23;4.9;340 reviews;33,634;32
762358072.html;8150;;;Good Deal;5;22;4.4;189 reviews;114,424;32
759636329.html;19595;;;Great Deal;4.8;1086;4.6;343 reviews;23,223;42
758534576.html;15739;;16288;Good Deal;4.9;701;4.9;71 reviews;20,680;26
760488102.html;19566;26090;;;5;119;4.7;42 reviews;;23
765683172.html;28295;28295;;;5;932;4.4;69 reviews;11;11
765761041.html;31900;;;Good Deal;4.6;289;4.1;74 reviews;42,445;29
764658822.html;22995;;23495;Good Deal;4.8;1086;4.7;101 reviews;39,164;42
766293437.html;17990;;;Good Deal;5;932;4.6;290 reviews;21,597;20
750883850.html;42082;52135;;;5;251;4.9;589 reviews;89;32
763484500.html;29127;29127;;;3.9;173;5;34 reviews;2;12
757761716.html;27000;;;Good Deal;4.8;114;4.7;182 reviews;32,059;32
760026557.html;25912;30030;;;5;19;4.6;22 reviews;19;32
763591799.html;19828;25695;;;5;251;4.9;37 reviews;2,825;31
759993287.html;31995;;;Good Deal;4.8;1086;4.2;13 reviews;28,015;45
761693322.html;26440;;;Great Deal;4.7;359;4.9;308 reviews;26,190;57
761614729.html;27499;30745;28523;;4.9;287;4.9;48 reviews;2;11
766847758.html;28800;;;Good Deal;4.9;482;4.8;105 reviews;57,046;26
758481190.html;41488;;;Good Deal;4.9;482;4.8;248 reviews;15,491;25
758202247.html;10989;;;Great Deal;4.9;482;4.2;54 reviews;68,387;24
763987925.html;35468;45970;37968;;4.6;101;5;19 reviews;;8
767172027.html;31995;;;Good Deal;4.8;1086;4.9;535 reviews;3,156;41
762910498.html;30075;33075;;;4.9;482;4.9;27 reviews;11;21
760318615.html;11195;;;Great Deal;-1;-1;4.9;548 reviews;70,568;26
760926788.html;22340;;;Good Deal;4.7;359;4.5;39 reviews;36,545;54
756126803.html;21737;22460;;;4.9;53;4.8;55 reviews;18;21
761659178.html;27581;28295;;;4.8;237;4.4;69 reviews;7;25
753767905.html;33942;41485;;;4.6;262;4.8;181 reviews;15;13
760847460.html;35485;41485;;;4.8;1125;4.8;181 reviews;;32
764984143.html;34149;36307;;;4.9;538;4.6;63 reviews;2;20
765975491.html;19481;;;Great Deal;4.7;308;4.2;29 reviews;29,645;48
763869272.html;21494;;21994;Good Deal;4.8;1086;4.4;24 reviews;6,109;41
767474422.html;40395;40395;;;4.7;308;4.9;28 reviews;14;32
764966390.html;11990;;;Great Deal;4.8;424;4.8;177 reviews;57,743;26
755732485.html;55213;59390;;;5;25;4.5;23 reviews;;8
762810905.html;41885;45385;;;4.5;761;4.3;30 reviews;;32
763570477.html;19495;;19995;Good Deal;4.8;1086;4.7;29 reviews;27,321;40
762487799.html;72097;79515;;;5;251;4.9;17 reviews;406;32
744931274.html;34220;37720;;;4.8;1125;4.8;39 reviews;12;31
761295446.html;47010;47010;;;4.7;24;4.5;71 reviews;;22
765975555.html;20913;22492;;;4.9;538;;;;20
767236862.html;14215;;;;4.7;176;4.7;7 reviews;6;20
754694908.html;38234;43115;;;-1;-1;4.8;25 reviews;6;29
757694855.html;49855;49855;;;4.9;475;4.3;30 reviews;15;15
764188203.html;12975;;;Great Deal;4.8;424;4.4;49 reviews;33,742;28
750497576.html;26006;27210;;;4.9;682;4.6;22 reviews;15;26
762619661.html;14971;;;Good Deal;4.8;416;4;53 reviews;85,883;32
764117111.html;62995;64995;;;5;303;4.5;23 reviews;10;20
750596506.html;42048;;;;4.8;220;4.4;19 reviews;94;22
766508225.html;32486;37850;;;4.8;39;4.9;11 reviews;5;28
764430546.html;28994;;29494;Good Deal;4.8;1086;4.5;75 reviews;29,946;45
763420850.html;15999;;16973;Good Deal;5;15;4.5;86 reviews;28,869;31
753964911.html;43631;43631;;;4.7;24;5;7 reviews;;19
763681495.html;17584;;;Good Deal;4.9;701;4.7;195 reviews;24,322;28
760043074.html;34495;34495;;;4.9;225;5;1 reviews;10;32
766776883.html;25854;29365;;;4.1;104;4.8;5 reviews;;21
766634001.html;28990;;;Good Deal;4.9;1370;4.9;120 reviews;20,017;43
766849185.html;13495;;;Great Deal;-1;-1;4.6;38 reviews;63,203;32
760553353.html;17230;18230;;;3.1;12;4.5;8 reviews;12;32
754010504.html;15089;15795;;;4.6;262;4.8;15 reviews;5;15
754778272.html;59876;62515;;;4.6;263;5;5 reviews;;32
766841703.html;4499;;;Great Deal;4.5;8;4.6;18 reviews;175,000;29
761975109.html;41440;44940;;;4.5;761;4.3;30 reviews;;32
767251281.html;13796;;;Good Deal;4.8;1125;4.6;49 reviews;19,418;40
764185809.html;51510;56510;;;4.9;589;4.8;20 reviews;;17
765294415.html;40390;40390;;;4.9;589;4.4;19 reviews;;17
752724792.html;43933;;;;4.8;1057;4.6;32 reviews;6;32
764431392.html;14495;;;Good Deal;4.8;1086;4.7;274 reviews;15,715;37
760082976.html;29831;30750;;;4.8;69;4.6;5 reviews;14;32
760487460.html;33060;35560;;;4.6;262;4.8;82 reviews;8;18
760943670.html;32445;32445;;;3.5;14;4.7;82 reviews;;20
767474539.html;44995;44995;;;4.7;308;4.2;42 reviews;4;32
766531051.html;45775;;;Good Deal;4.5;761;3.8;18 reviews;48,896;44
757423380.html;20665;24915;;;4.8;1125;4.7;203 reviews;;32
758214722.html;19995;;;Good Deal;4.8;1086;4.7;80 reviews;29,363;44
760500406.html;27077;;;Good Deal;4.7;359;4.9;215 reviews;30,861;59
753614370.html;22425;27425;;;4.9;482;4.8;4 reviews;6;20
751277360.html;28025;32275;;;4.8;1125;4.8;20 reviews;;32
758956316.html;20928;22345;;;4.8;236;4.9;55 reviews;14;16
754734971.html;43353;49450;;;4.9;589;4.8;25 reviews;;19
766449733.html;34680;;;Great Deal;4.5;64;4.8;18 reviews;58,490;26
761156127.html;53096;60475;;;4.6;262;4.8;181 reviews;27;19
764798981.html;19688;;;Good Deal;4.6;262;4.8;13 reviews;46,969;38
751886118.html;40605;40605;;;4.9;701;4.6;67 reviews;2;20
748814878.html;39976;43915;;;4.1;104;4.7;261 reviews;6;21
757978688.html;30488;;;Good Deal;4.9;482;4.8;93 reviews;36,817;32
747099339.html;26583;30560;;;3.5;14;4.7;81 reviews;3;21
744122978.html;31145;31145;;;3.1;12;4.8;82 reviews;14;6
766994175.html;22374;;;Good Deal;4.8;1125;4.5;147 reviews;99,574;36
759583194.html;12031;;;Good Deal;4.8;416;4.7;90 reviews;29,431;33
759622619.html;26887;30280;27637;;4.6;101;4.8;17 reviews;;7
763570602.html;15938;;;Good Deal;4.9;682;4.1;130 reviews;34,532;26
755731816.html;57581;65930;;;5;25;5;35 reviews;;11
757396294.html;53488;;;;4.8;1057;4.8;20 reviews;4;32
765682276.html;31870;33030;;;5;169;4.6;5 reviews;;20
765238767.html;45800;;;Great Deal;4.6;289;4.5;57 reviews;7,007;29
714366950.html;53700;75700;;;4.7;189;4.8;17 reviews;;23
762091541.html;23994;;24994;Good Deal;4.8;1086;4.5;35 reviews;42,338;44
765171490.html;15994;;;Good Deal;4.8;1086;4.7;62 reviews;32,514;38
766986067.html;36742;38883;;;4.9;538;4.5;62 reviews;;20
766630662.html;19784;;;Good Deal;4.9;482;4.6;67 reviews;86,630;19
766640856.html;15994;;;Good Deal;4.8;1086;4.4;49 reviews;34,600;39
756320798.html;50460;55460;;;4.8;1125;4.7;93 reviews;;32
762228955.html;47270;47270;;;4.9;225;4.6;22 reviews;5;32
751129298.html;27259;31680;;;4;4;4.5;27 reviews;4;27
753167012.html;58178;;;;4.8;1057;5;7 reviews;5;32
754316391.html;34300;38400;;;5;15;4.8;82 reviews;10;23
762114422.html;20899;;;Great Deal;4.5;63;4.9;464 reviews;24,660;32
763883454.html;36888;43040;39588;;4.8;39;4.7;34 reviews;5;32
761286562.html;41749;55400;;;4;4;4.8;20 reviews;4;32
763614679.html;31944;;32944;Good Deal;4.9;701;4.8;113 reviews;42,961;25
764982083.html;34395;37520;;;4.7;417;4.6;63 reviews;1;32
749687187.html;24940;;25440;Good Deal;4.7;359;4.8;117 reviews;47,468;53
762084607.html;20552;25585;;;4.6;262;4.7;171 reviews;13;15
766766210.html;39891;39891;;;4.7;417;4.5;14 reviews;1;32
752740398.html;27888;;;Great Deal;4.6;262;4.6;217 reviews;42,124;38
766350824.html;22677;;;Great Deal;4.7;359;4.9;173 reviews;31,413;51
756280161.html;16068;18710;;;4.7;176;4.8;55 reviews;20;22
760637270.html;27100;;;;4.6;409;5;32 reviews;6;17
766034294.html;10989;;;Good Deal;4.7;176;4.6;69 reviews;50,302;32
749940158.html;34385;34385;;;5;932;4.8;70 reviews;12;18
763869563.html;25995;;;Good Deal;4.8;1086;4.8;395 reviews;28,869;38
765819376.html;26482;;;Good Deal;4.8;1057;4.8;486 reviews;13,372;46
758383131.html;71121;75250;;;4.9;53;5;4 reviews;2;25
766010563.html;21988;;;Good Deal;4.8;357;4.8;645 reviews;34,820;25
766652114.html;33795;33795;;;5;932;4.4;69 reviews;11;11
759851829.html;62501;64505;;;4.5;63;4.8;6 reviews;21;32
766658315.html;36331;36331;;;4.7;417;4.5;62 reviews;1;32
762582717.html;29695;29695;;;4.9;701;4.4;69 reviews;2;21
759430276.html;53754;61030;;;5;19;;;1,490;32
758687382.html;18840;;;Good Deal;4.7;359;4.7;29 reviews;33,511;49
755093221.html;34734;38600;;;5;68;4.8;82 reviews;3;13
765801719.html;44255;;;Good Deal;4.5;761;4.9;464 reviews;32,056;38
765304773.html;15998;;16600;Good Deal;4.9;226;5;45 reviews;21,174;37
762853277.html;28195;;;Good Deal;4.8;1086;4.9;120 reviews;10,135;43
762302372.html;15495;;15995;Good Deal;4.8;1086;4.8;204 reviews;32,624;38
749426768.html;52216;57185;;;4.9;162;4.6;18 reviews;11;9
766975188.html;41940;;;Good Deal;4.7;359;4.8;123 reviews;45,034;53
764173912.html;27337;27785;;;4.9;482;4.7;42 reviews;1;21
764266647.html;43000;;;Good Deal;4.6;289;4.5;2 reviews;9,767;29
747328047.html;69900;69900;;;3.7;61;4.9;17 reviews;1;20
765670446.html;26893;;;Great Deal;5;119;4.7;261 reviews;22,644;21
763033985.html;25854;27209;;;5;6;5;34 reviews;;21
755920233.html;37889;;;Good Deal;4.8;237;4.8;184 reviews;6,584;23
767261259.html;32400;;;Good Deal;4.6;289;4.7;37 reviews;29,579;29
762084426.html;46952;56085;;;4.6;262;5;4 reviews;8;14
761057296.html;24640;;;;4.6;409;5;32 reviews;14;15
748479339.html;83330;83330;;;4.9;599;5;5 reviews;5,357;32
761726373.html;27888;;;Good Deal;4.8;357;4.8;105 reviews;30,240;21
759686047.html;20650;;;Good Deal;4.9;475;4.8;559 reviews;1,771;25
751303912.html;18138;;;;4.8;220;4.7;3 reviews;6;19
752175493.html;22293;26460;;;2.5;33;4.7;34 reviews;6;24
757087933.html;21940;;;Good Deal;4.7;359;4.9;22 reviews;42,332;55
749576653.html;81695;81695;;;4.9;225;5;2 reviews;8;32
747682916.html;68410;68410;;;4.9;225;5;2 reviews;8;32
763012605.html;19880;;;;4.6;409;4.4;21 reviews;4;17
756893187.html;31348;37785;;;4.6;262;5;19 reviews;11;13
762483119.html;26440;;26940;Good Deal;4.7;359;4.6;158 reviews;48,354;58
765654927.html;40170;43670;;;4.9;482;4.7;19 reviews;10;23
754892038.html;60045;60045;;;4.9;475;4.6;18 reviews;5;17
763198424.html;10761;;;Good Deal;4.6;122;4.4;130 reviews;47,142;32
763677896.html;34997;;36997;Great Deal;4.8;68;4.7;142 reviews;37,607;32
752838925.html;47890;62595;;;4.9;589;4.9;42 reviews;;21
749013503.html;19784;23995;;;4.9;589;4.5;116 reviews;;20
755732431.html;32332;38490;;;5;25;4.7;26 reviews;;9
765522244.html;12990;;;Good Deal;4.9;1370;4.6;76 reviews;59,122;36
765570738.html;21940;;;Great Deal;4.7;359;4.6;62 reviews;59,317;48
752005703.html;42541;48112;;;4.7;417;4.6;31 reviews;1;32
757426049.html;38141;41066;;;4.9;538;4.8;49 reviews;1;12
762756011.html;15900;;;Good Deal;4.8;114;4.9;13 reviews;73,914;32
763805004.html;51120;56120;;;4.9;589;4.8;20 reviews;;15
751349529.html;65147;71590;;;4.7;114;5;7 reviews;562;15
764551493.html;14127;;;Good Deal;5;15;4.3;148 reviews;32,514;32
767316292.html;21991;;;Good Deal;4.9;599;4.9;468 reviews;35,306;41
756898353.html;23350;;23980;Great Deal;-1;-1;4.7;266 reviews;41,436;32
766769838.html;21900;;;Good Deal;4.9;538;4.7;107 reviews;25,240;20
760871311.html;16612;;;;5;19;;;6;32
749162416.html;35611;38755;;;4.8;236;4.7;82 reviews;14;18
767179180.html;23990;;25990;Good Deal;5;932;4.5;35 reviews;23,722;22
763849583.html;54604;;;;4.8;1057;4.8;20 reviews;5;32
763869564.html;13995;;15495;Great Deal;4.8;1086;4.2;29 reviews;40,534;39
764309520.html;27027;35515;;;5;62;4.6;164 reviews;1;17
761173034.html;15990;;;Good Deal;4.9;1370;4.6;128 reviews;27,059;46
766517526.html;24865;26865;;;4.9;589;4.8;19 reviews;;17
762670687.html;24640;;;;4.6;409;5;32 reviews;12;19
757275316.html;22991;;;Great Deal;5;23;4.5;31 reviews;36,640;32
764487734.html;19583;;20582;Good Deal;4.9;701;4.6;273 reviews;46,497;29
761162691.html;38608;;;;4.8;1057;;;5;32
758167693.html;17997;;;Great Deal;4.8;68;4.7;11 reviews;60,026;32
750349652.html;36291;38392;;;5;6;4.6;31 reviews;4;24
766852623.html;16991;;;Great Deal;4.9;162;4.7;86 reviews;61,890;32
767025520.html;40998;;;Great Deal;3.8;6;4.8;22 reviews;43,013;24
765304776.html;15799;;;Good Deal;4.9;226;4.8;233 reviews;51,264;39
749530633.html;32431;37940;;;5;119;4.8;6 reviews;;19
761266303.html;46999;52835;;;5;25;5;7 reviews;38;26
761052987.html;21339;27785;;;5;303;4.7;42 reviews;5;15
758705933.html;6991;;7591;Good Deal;4.6;409;4.6;132 reviews;167,357;21
766783875.html;77375;77375;;;4.9;599;5;6 reviews;10;32
750569439.html;10440;;;Great Deal;4.7;359;4.8;80 reviews;9,480;52
738732397.html;19982;25310;;;4.4;402;4.6;77 reviews;8;17
761342894.html;23346;26865;;;4.5;63;4.8;19 reviews;3;32
758814834.html;13503;;;Good Deal;4.7;114;4.3;16 reviews;108,219;28
766483670.html;16425;19345;;;2.5;33;4.8;27 reviews;9;21
760488096.html;89190;99190;;;5;119;3;1 reviews;;23
755499256.html;21810;24060;;;4.5;761;4.8;5 reviews;;32
759082944.html;20030;20455;;;4.9;53;4.8;55 reviews;18;20
756043032.html;35885;40405;;;-1;-1;4.8;25 reviews;6;21
767324009.html;10173;;;Great Deal;4.9;212;4.1;129 reviews;57,047;40
756046635.html;18800;;;Good Deal;5;25;4.8;11 reviews;101,869;25
759748687.html;29535;29535;;;5;932;4.5;40 reviews;11;11
753034327.html;57981;65065;58981;;4.6;101;4.8;181 reviews;;12
747623182.html;17663;23835;;;5;99;5;13 reviews;2;28
756916030.html;15940;;;Good Deal;4.7;359;4.9;96 reviews;28,064;47
752581455.html;12940;;;Good Deal;4.7;359;4.8;58 reviews;48,392;58
757423205.html;46045;49045;;;4.8;1125;4.8;135 reviews;;32
764989615.html;23995;;24995;Good Deal;5;169;4.8;422 reviews;36,733;20
765800995.html;8990;;;Good Deal;5;17;4.5;10 reviews;112,318;25
743984886.html;40955;49455;;;4.8;1125;4.8;211 reviews;5;32
757833429.html;54486;;;Good Deal;5;99;4.8;70 reviews;10,453;32
765488376.html;19996;19996;;;4.1;22;4.9;50 reviews;5;16
761814423.html;53537;;;;4.8;1057;5;1 reviews;5;32
751298942.html;32995;;;Good Deal;5;169;4.6;15 reviews;18,931;20
761838291.html;25984;;;Fair Price;4.9;225;4.6;158 reviews;78,900;1
739147127.html;37659;45260;41159;;4.6;101;4.8;181 reviews;;10
762091460.html;31494;;31994;Good Deal;4.8;1086;4.7;65 reviews;28,760;45
767259940.html;19200;;;Good Deal;4.6;289;5;5 reviews;17,513;29
766784080.html;45200;45200;;;4.9;599;5;1 reviews;44;32
765412628.html;26500;26875;;;4.9;226;4.9;13 reviews;5;32
742127904.html;22541;26835;;;4.7;114;4.6;164 reviews;3;13
766783720.html;36991;;;Good Deal;4.9;599;4.8;46 reviews;8,878;42
766975174.html;22940;;;Good Deal;4.7;359;4.5;161 reviews;50,066;51
767187950.html;10900;;;Good Deal;4.7;417;4.4;103 reviews;69,069;38
761173013.html;31990;;;Good Deal;4.9;1370;4.8;121 reviews;17,662;45
749551769.html;24990;;25990;Good Deal;4.9;1370;4.8;145 reviews;16,921;47
754722305.html;32445;32445;;;5;932;4.7;82 reviews;11;12
765735845.html;48267;51790;;;5;119;4.8;22 reviews;;25
765398958.html;18892;;;Good Deal;4.7;308;4.5;27 reviews;49,241;46
763571257.html;12997;;;Great Deal;4.8;68;4.8;100 reviews;68,992;32
766362706.html;11991;;12607;Good Deal;4.9;162;4.6;67 reviews;41,831;32
760659680.html;43872;46560;;;5;169;;;7;20
734816570.html;46973;47805;;;2.5;15;4.8;181 reviews;14;8
767322963.html;15995;;;Good Deal;4.8;1086;4.9;31 reviews;25,140;40
748820874.html;37295;49465;;;4.4;26;4.8;15 reviews;218;25
765301794.html;35150;37650;;;4.9;212;4.9;50 reviews;5;32
755504953.html;18942;19713;;;4.9;538;4.8;6 reviews;1;12
739137648.html;44011;47965;;;4.8;236;4.6;67 reviews;14;21
766994083.html;4400;;;Fair Price;4.6;263;3.9;80 reviews;225,985;30
761953635.html;57168;;;;4.8;1057;4.8;20 reviews;5;32
767260443.html;27200;;;Good Deal;4.6;289;4.8;136 reviews;19,266;29
765157361.html;20994;;;Great Deal;4.8;1086;4.9;18 reviews;20,148;38
767049663.html;37800;;39200;Good Deal;4.6;289;4.6;17 reviews;20,963;29
761953582.html;53024;;;;4.8;1057;4.8;20 reviews;4;32
746030382.html;42165;47515;;;4.6;262;4.8;135 reviews;78;15
757787104.html;24615;24615;;;4.9;701;5;32 reviews;2;19
758331199.html;37990;;;Great Deal;4.9;1370;4.9;128 reviews;9,427;45
767047592.html;17600;;;Good Deal;4.6;289;4.6;34 reviews;51,312;29
759512887.html;20253;23735;;;-1;-1;4.8;19 reviews;4;24
739462085.html;42141;43260;;;2.5;15;4.8;211 reviews;12;7
765039591.html;40927;43694;;;5;6;4.6;63 reviews;1;22
761013121.html;45964;51765;;;4.6;262;4.8;20 reviews;1,019;17
759259994.html;40015;42765;40765;;4.8;1125;4.8;15 reviews;;32
751988288.html;32620;40380;;;4.6;262;5;19 reviews;10;13
762910454.html;60055;62805;;;4.5;761;4.6;18 reviews;;32
746713187.html;47110;;;;4.8;1125;4.8;181 reviews;;32
765940411.html;24888;;;Great Deal;4.6;262;4.7;272 reviews;16,799;35
766636638.html;11309;;11888;Great Deal;5;6;4.8;184 reviews;66,959;31
766056685.html;94240;;;;-1;-1;5;1 reviews;171;11
751193943.html;35605;;;;4.6;409;4.8;43 reviews;9;10
758066458.html;12540;;;Good Deal;4.7;359;4.7;14 reviews;41,772;52
748166315.html;21473;22505;;;4.9;53;4.8;55 reviews;28;21
767178020.html;26995;;;Good Deal;4.8;1086;4.8;136 reviews;35,500;42
748731174.html;27038;31115;;;4.9;212;4.9;50 reviews;5;32
754218963.html;16489;19860;;;4.4;402;4.4;45 reviews;8;14
760075047.html;26780;30280;;;4.8;1125;4.8;17 reviews;;32
762974624.html;36979;;;Good Deal;4.9;225;4.8;20 reviews;8,001;1
764172637.html;17977;;;Great Deal;4.8;237;4.9;459 reviews;14,096;26
760804666.html;24995;;25495;Good Deal;4.8;1086;4.8;168 reviews;26,554;43
765523784.html;38354;38354;;;4.6;262;4.4;7 reviews;13;13
733805135.html;29070;29070;31069;;4.1;22;4.9;48 reviews;10;12
759689970.html;35010;;;Good Deal;4.8;416;4.7;10 reviews;20,102;36
759693934.html;44765;48310;;;4.6;263;4.8;20 reviews;;32
767096643.html;21995;;;Good Deal;4.8;1086;4.7;80 reviews;40,058;41
741238613.html;37575;46075;;;4.8;1125;4.8;211 reviews;;32
766958937.html;27981;;;Good Deal;4.7;308;4.7;37 reviews;29,488;49
763984224.html;44965;48715;;;4.9;589;4.8;20 reviews;;17
755982151.html;70435;;;;-1;-1;4.4;25 reviews;;32
762889728.html;16266;;;Good Deal;4.8;416;4.7;67 reviews;76,132;30
761557711.html;61560;61560;;;4.7;24;4.3;30 reviews;;20
764333598.html;29553;32990;;;4.8;39;4.8;20 reviews;5;25
758620331.html;71970;71970;;;4.9;475;5;7 reviews;5;17
749572483.html;43515;;;;4.6;409;4.7;82 reviews;10;10
742822873.html;30815;35080;;;4.6;101;4.7;168 reviews;;8
767123147.html;7750;;;Good Deal;5;52;4.6;34 reviews;117,134;18
766729841.html;41050;44050;;;4.9;482;4.7;19 reviews;7;21
766660891.html;18500;;;Good Deal;4.9;538;4.8;233 reviews;12,136;24
764500880.html;24958;26992;;;4.9;538;4.7;80 reviews;2;20
761084918.html;17694;;;Good Deal;4.9;475;4.7;45 reviews;7,953;19
758490771.html;39800;;;Good Deal;5;25;3.6;30 reviews;1,051;25
759271146.html;22995;;23495;Good Deal;4.8;1086;4.6;21 reviews;35,432;43
765969112.html;14990;;;Great Deal;4.8;424;4.7;195 reviews;37,377;27
766677791.html;22995;;;Good Deal;4.8;1086;4.8;14 reviews;25,990;43
765078478.html;21995;;22495;Good Deal;4.8;1086;4.6;21 reviews;30,368;39
741086974.html;34007;37150;;;5;169;5;32 reviews;8;20
765794633.html;18494;;;Great Deal;4.8;1086;4.7;81 reviews;25,241;39
748849151.html;35118;37015;;;4;307;4.6;41 reviews;10;21
764391675.html;47750;;;;-1;-1;3.6;30 reviews;8;12
765621812.html;22978;;;Good Deal;4.8;1125;4.9;84 reviews;17,796;40
763590842.html;24850;;;Good Deal;5;99;4.7;202 reviews;86,365;30
754173859.html;22235;22235;;;4.8;236;4.9;459 reviews;;17
759933654.html;39658;48475;;;5;62;4.3;30 reviews;1;17
763346331.html;33995;;34995;Good Deal;4.8;1086;4.1;74 reviews;36,006;41
763226841.html;26695;;;Great Deal;4.8;1086;4.8;66 reviews;17,137;42
763639572.html;24588;;;Good Deal;4.6;262;4.6;217 reviews;66,820;38
760988683.html;22489;;;Good Deal;4.7;176;4.8;99 reviews;19,327;31
765373792.html;40755;;;;4.6;409;4.6;67 reviews;175;17
763568392.html;35195;35195;;;5;932;4.4;69 reviews;11;13
760070040.html;23635;25060;;;5;169;4.6;42 reviews;12;20
766156171.html;48045;51045;;;4.9;482;4.7;19 reviews;7;24
751401749.html;29130;32880;;;4.8;1125;4.8;17 reviews;;32
756590649.html;20933;;;Good Deal;4.8;416;4.8;220 reviews;20,369;35
759430158.html;49295;56115;;;5;19;;;7;32
764456534.html;23994;;24494;Great Deal;4.8;1086;4.8;32 reviews;47,962;43
758214607.html;20995;;21495;Good Deal;4.8;1086;4.7;80 reviews;19,647;40
766169692.html;18981;;;Good Deal;4.8;1057;4.6;68 reviews;37,586;43
765408327.html;20495;;20995;Good Deal;4.8;1086;4.6;21 reviews;52,032;41
759846766.html;63330;63330;;;4.5;761;4.8;25 reviews;;32
749809658.html;32948;40375;;;4.8;39;4.8;181 reviews;5;21
756006259.html;64972;66810;;;4.5;63;5;2 reviews;10;32
761619266.html;13999;;14999;Great Deal;4.9;287;4.8;233 reviews;26,466;21
724554175.html;32860;32860;;;4.9;701;4.9;535 reviews;2;20
760376521.html;55867;;;;4.8;1057;4.8;20 reviews;5;32
765300492.html;27495;;27995;Good Deal;4.8;1086;4.6;158 reviews;36,724;39
757221568.html;97720;;;;4.8;1057;5;2 reviews;4;32
764650030.html;14840;;;Great Deal;4.7;359;4.9;140 reviews;16,947;49
750722981.html;36999;;;Good Deal;5;25;4.8;248 reviews;30,101;21
756916023.html;15988;;16488;Great Deal;4.7;359;4.9;468 reviews;12,795;52
760649585.html;49191;51190;;;4.5;63;4.5;2 reviews;21;32
756325524.html;38819;41955;;;4.9;538;4.5;14 reviews;1;12
763701793.html;13195;;;Good Deal;-1;-1;4.5;130 reviews;90,786;32
754216162.html;17590;;;Good Deal;4.9;1370;4.7;235 reviews;23,055;42
765735661.html;53313;57015;;;5;119;4.8;22 reviews;;24
765662181.html;25395;25395;;;4.9;701;4.4;69 reviews;2;18
758215012.html;14495;;14995;Great Deal;4.8;1086;4.8;233 reviews;33,377;40
755078226.html;43515;43515;;;5;932;4.7;82 reviews;11;11
765547001.html;39146;42167;;;4.9;538;4.4;87 reviews;;20
763576987.html;21420;;;Good Deal;4.8;39;4.7;639 reviews;32,308;24
754137162.html;21560;25810;;;4.8;1125;4.7;203 reviews;;32
764830064.html;19495;;;Good Deal;4.8;1086;4.6;15 reviews;66,298;41
766544989.html;33562;;;Good Deal;4;4;4.7;272 reviews;83,021;37
767380096.html;17734;;;Good Deal;5;15;4.6;258 reviews;77,806;29
761619069.html;16999;;;Great Deal;4.9;287;4.7;91 reviews;102,620;27
762101168.html;27600;;;Good Deal;4.9;538;4.8;120 reviews;47,748;22
753738930.html;40978;;;Good Deal;4.9;482;4.9;128 reviews;17,220;28
765735707.html;47714;51190;;;5;119;4.8;22 reviews;;24
762208444.html;24990;;25990;Good Deal;4.9;1370;4.7;101 reviews;28,684;47
762036632.html;29469;30795;;;4.8;236;4.4;69 reviews;;18
763615593.html;23994;;24994;Good Deal;4.8;1086;4.8;14 reviews;23,054;40
766349570.html;28500;;;Good Deal;4.9;538;4.7;113 reviews;53,034;22
765163060.html;39645;41895;;;4.8;1125;4.8;21 reviews;;32
764834925.html;70281;72280;;;4.5;63;4.8;6 reviews;40;32
760985855.html;24364;25345;;;4.8;236;4.4;69 reviews;;16
761931083.html;55595;67340;;;4.4;26;4.5;23 reviews;346;21
752732961.html;13952;21120;;;-1;-1;4.7;139 reviews;19;14
753877164.html;45986;55030;;;5;99;5;7 reviews;2;27
766359959.html;17990;;;Good Deal;4.9;287;4.8;218 reviews;42,229;22
759366595.html;26350;26785;;;4.9;482;4.7;42 reviews;1;23
759532531.html;39749;45980;;;4;4;4.7;34 reviews;5;32
762580054.html;21562;22870;;;4.8;237;4.9;55 reviews;8;21
756764254.html;21049;25100;;;-1;-1;4.9;37 reviews;58;25
759055239.html;25195;;;;4.6;409;5;15 reviews;77;17
750717853.html;24910;28910;;;4.6;262;4.9;316 reviews;13;14
760136455.html;33995;;34995;Great Deal;4.8;1086;4.8;39 reviews;20,678;47
765902007.html;16991;;;Good Deal;5;99;4.3;10 reviews;54,358;24
